-- phpMyAdmin SQL Dump
-- version 3.4.5
-- http://www.phpmyadmin.net
--
-- 主机: localhost
-- 生成日期: 2013 年 01 月 27 日 02:05
-- 服务器版本: 5.5.16
-- PHP 版本: 5.3.8

SET SQL_MODE="NO_AUTO_VALUE_ON_ZERO";
SET time_zone = "+00:00";


/*!40101 SET @OLD_CHARACTER_SET_CLIENT=@@CHARACTER_SET_CLIENT */;
/*!40101 SET @OLD_CHARACTER_SET_RESULTS=@@CHARACTER_SET_RESULTS */;
/*!40101 SET @OLD_COLLATION_CONNECTION=@@COLLATION_CONNECTION */;
/*!40101 SET NAMES utf8 */;

--
-- 数据库: `meat_factory`
--

-- --------------------------------------------------------

--
-- 表的结构 `companyname`
--

CREATE TABLE IF NOT EXISTS `companyname` (
  `AccountID` int(10) NOT NULL AUTO_INCREMENT,
  `CompanyName` varchar(30) CHARACTER SET utf8 NOT NULL,
  `Description` varchar(50) CHARACTER SET utf8 NOT NULL,
  `Balance` float(8,2) NOT NULL,
  `Date` date NOT NULL,
  `Comment` varchar(200) DEFAULT NULL,
  PRIMARY KEY (`AccountID`)
) ENGINE=MyISAM  DEFAULT CHARSET=latin1 AUTO_INCREMENT=690 ;

--
-- 转存表中的数据 `companyname`
--

INSERT INTO `companyname` (`AccountID`, `CompanyName`, `Description`, `Balance`, `Date`, `Comment`) VALUES
(49, 'Kuk', '', 42.50, '2010-07-01', ''),
(50, '5 Noodle Bar', '', 255.40, '2010-07-01', ''),
(51, 'Baan Bua', '', 0.00, '2010-07-01', ''),
(144, '395C', '', 0.00, '2010-07-01', ''),
(155, '78', '', 394.80, '2010-07-01', ''),
(166, '60-62', '', 361.90, '2010-07-01', ''),
(177, '208', '', 41.00, '2010-07-01', ''),
(188, 'Seaforth', '', 0.00, '2010-07-01', ''),
(199, '1/43 Blaxland', '', 91.60, '2010-07-01', ''),
(210, '574', '', 465.00, '2010-07-01', ''),
(221, '684 Ranang', '', 0.00, '2010-07-01', ''),
(232, 'Tong', '', 0.00, '2010-07-01', ''),
(243, '3/54 To go', '', 0.00, '2010-07-01', ''),
(254, 'Curl Curl', '', 0.00, '2010-07-01', ''),
(265, 'Qian Cao', '', 0.00, '2010-07-01', ''),
(276, 'siam', '', 0.00, '2010-07-01', ''),
(287, '15', '', 178.55, '2010-07-01', ''),
(298, '166-174 Sam', '', 227.05, '2010-07-01', ''),
(309, '3/107', '', 374.00, '2010-07-01', ''),
(320, '1354', '', 824.50, '2010-07-01', ''),
(331, ' 6/60', '', 23361.50, '2010-07-01', ''),
(342, 'm. m', '', 133.90, '2010-07-01', ''),
(353, '395', '', 0.00, '2010-07-01', ''),
(364, '29', '', 0.00, '2010-07-01', ''),
(375, 'Satang Thai', '', 240.00, '2010-07-01', ''),
(386, '1425', '', 1205.15, '2010-07-01', ''),
(397, '249', '', 677.86, '2010-07-01', ''),
(408, '193', '', 0.00, '2010-07-01', ''),
(419, '26', '', 0.00, '2010-07-01', ''),
(430, 'star', '', 0.00, '2010-07-01', ''),
(441, 'Singha', '', 0.00, '2010-07-01', ''),
(452, 'Intra ', '', 0.00, '2010-07-01', ''),
(463, 'Coco Rice', '', 0.00, '2010-07-01', ''),
(474, 'mon 123 little', '', 0.00, '2010-07-01', ''),
(485, '79', '', 0.00, '2010-07-01', ''),
(496, 'Thai Riffic Noodle Bar 1', '', 0.00, '2010-07-01', ''),
(507, 'Intra Thai', '', 664.65, '2010-07-01', ''),
(518, 'Big John', '', 0.00, '2010-07-01', ''),
(529, '253', '', 17127.00, '2010-07-01', ''),
(540, 'PEPE S DUCKS PTY LTD', '', 0.00, '2010-07-01', ''),
(551, 'PIROVIC ENTERPRISES PTY LTD', '', 0.00, '2010-07-01', ''),
(562, 'BEEF PRODUCERS AUSTRALIA PTY ', '', 0.00, '2010-07-01', ''),
(573, 'CORAL PARK PASTORAL MEAT TRAD', '', 0.00, '2010-07-01', ''),
(584, 'D.R. JOHNSTON GROUP (SYDNEY) ', '', 0.00, '2010-07-01', ''),
(585, 'MIDFIELD TRADING PTY LTD(NSW)', '', 0.00, '2010-07-01', ''),
(586, '98 seat', '', 0.00, '2010-07-01', ''),
(587, 'Thai Riffic 2 Randwick', '', 0.00, '2010-07-01', ''),
(588, 'Manjits', '', 0.00, '2010-07-01', ''),
(589, '324', '', 606.50, '2010-07-01', ''),
(590, '76', '', 16.50, '2010-07-01', ''),
(591, '105', '', -44.00, '2010-07-01', ''),
(592, '1/125 Metang', '', 335.00, '2010-07-01', ''),
(593, '337', '', 533.40, '2010-07-01', ''),
(594, '27 Home ', '', 307.74, '2010-07-01', ''),
(595, 'Papaya', '', 400.00, '2010-07-01', ''),
(596, '768', '', 0.00, '2010-07-01', ''),
(597, '193 Thai On Work', '', 1009.40, '2010-07-01', ''),
(598, 'Satang', '', 382.50, '2010-07-01', ''),
(599, 'Platform Thai', '', 321.24, '2010-07-01', ''),
(600, 'Siam Kingdom', '', 0.00, '2010-07-01', ''),
(601, 'Banyan', '', 0.00, '2010-07-01', ''),
(602, 'Dlish', '', 0.00, '2010-07-01', ''),
(603, 'I Thai 1', '', 0.00, '2010-07-01', ''),
(604, '2-135 Wok Station', '', 391.60, '2010-07-01', ''),
(605, '43', '', 0.00, '2010-07-01', ''),
(606, 'Coconut ', '', 0.00, '2010-07-01', ''),
(607, 'Sweet Basil', '', 0.00, '2010-07-01', ''),
(608, 'Lasha Baba', '', 0.00, '2010-07-01', ''),
(609, '210 Kish&Kish', '', 0.00, '2010-07-01', ''),
(610, '212 Monza', '', 0.00, '2010-07-01', ''),
(611, '40 Thai Thai', '', 0.00, '2010-07-01', ''),
(612, '1431', '', 252.00, '2010-07-01', ''),
(613, 'Chat Chai', '', 0.00, '2010-07-01', ''),
(614, '2/157 Monkey', '', 160.80, '2010-07-01', ''),
(615, 'Pad Thai Chicken', '', 0.00, '2010-07-01', ''),
(616, 'Square Catering', '', 0.00, '2010-07-01', ''),
(617, 'Ryde Ivory', '', 0.00, '2010-07-01', ''),
(618, '47', '', 0.00, '2010-07-01', ''),
(619, 'Jay', '', 322.90, '2010-07-01', ''),
(620, '227', '', 0.00, '2010-07-01', ''),
(621, '46', '', 0.00, '2010-07-01', ''),
(622, 'Thai Power1', '', 0.00, '2010-07-01', ''),
(623, '17 Angle', '', 439.96, '2010-07-01', ''),
(624, 'Somnuk', '', 209.75, '2010-07-01', ''),
(625, '315A Bhaji ', '', 375.00, '2010-07-01', ''),
(626, '1115', '', 259.00, '2010-07-01', ''),
(627, '3/270 Bobbin Thai', '', 0.00, '2010-07-01', ''),
(628, 'New Shanghai', '', 0.00, '2010-07-01', ''),
(629, '26A', '', 0.00, '2010-07-01', ''),
(630, 'Little Thai', '', 0.00, '2010-07-01', ''),
(631, '541 Kallin Lime', '', 0.00, '2010-07-01', ''),
(632, '19 Sticky Rice ', '', 0.00, '2010-07-01', ''),
(633, 'Sticky Rice Edgworth', '', 0.00, '2010-07-01', ''),
(634, 'The Grain Thai ', '', 0.00, '2010-07-01', ''),
(635, 'ET Family', '', 0.00, '2010-07-01', ''),
(636, 'China Doll Accessoories', '', 0.00, '2010-07-01', ''),
(637, '1/3', '', 44.00, '2010-07-01', ''),
(638, '382', '', 155.20, '2010-07-01', ''),
(639, 'no.1', '', 22.50, '2010-07-01', ''),
(640, 'Power 2', '', 1076.50, '2010-07-01', ''),
(641, 'Jolly 158', '', 0.00, '2010-07-01', ''),
(642, '18 Anong', '', 0.00, '2010-07-01', ''),
(643, 'Rice Chilli', '', 0.00, '2010-07-01', ''),
(644, 'Chang', '', 0.00, '2010-07-01', ''),
(645, '51 Vi Ses', '', 0.00, '2010-07-01', ''),
(646, '335', '', 0.00, '2010-07-01', ''),
(647, 'Hepworths', '', 0.00, '2010-07-01', ''),
(648, 'New Shanghai 1', '', 0.00, '2010-07-01', ''),
(649, 'New Shanghai 2', '', 0.00, '2010-07-01', ''),
(651, 'New Shanghai 3', '', 0.00, '2010-07-01', ''),
(652, 'Thai Riffic Center Point', '', 892.86, '2010-07-01', ''),
(653, '146 ', '', 0.00, '2010-07-01', ''),
(654, '299', '', 836.20, '2010-07-01', ''),
(655, 'Nina', '', 0.00, '2010-07-01', ''),
(656, 'wwwww', '', 0.00, '2010-07-01', ''),
(657, 'tttttttttttt', '', 0.00, '2010-07-01', ''),
(658, 'All', '', 0.00, '2010-07-01', ''),
(659, 'eeeeeee', 'eeeeeee', 0.00, '2011-07-13', ''),
(660, 'ETS', '', 0.00, '2011-07-19', NULL),
(661, '146 Bangkok Bar', 'Bankgkok Bar', 0.00, '2011-07-19', NULL),
(662, 'The Imperial', 'The Imperial', 0.00, '2011-07-19', NULL),
(663, 'Yummi', 'Yummi Thai Food', 164.00, '2011-07-19', NULL),
(664, 'Noodlebar', 'Noodnoodlebar', 283.80, '2011-07-19', NULL),
(665, 'Shing Fat', 'Shing Fat', 0.00, '2011-07-19', NULL),
(666, 'Shin Sei Ki', 'Shin Sei Ki Pty Ltd', 1663.54, '2011-07-20', NULL),
(667, 'Buthcer Shop', 'Buthcer Shop', 90.00, '2011-07-20', NULL),
(668, 'Lunch Special ', 'Lunch Special ', 0.00, '2011-07-20', NULL),
(669, '512 Time', 'Time for Thai 1', 0.00, '2011-07-20', NULL),
(670, '21 Time', 'Time for Thai 2', 0.00, '2011-07-20', NULL),
(671, '70 Lemonglass', 'Thai Lemonglass', 0.00, '2011-07-20', NULL),
(672, '10 Big Chef', 'Big Chef Thai', 0.00, '2011-07-20', NULL),
(673, 'J T', 'J&T Thai', 0.00, '2011-07-20', NULL),
(674, 'KL', 'KL Kitchen', 0.00, '2011-07-20', NULL),
(675, '223 Red Coco', 'Red Coco Thai', 0.00, '2011-07-20', NULL),
(676, '4/51 Two seats', 'Two Seats', 0.00, '2011-07-20', NULL),
(677, '87 yong', 'Thai yong', 0.00, '2011-07-20', NULL),
(678, '1/1 Cielo', 'Cielo Cafe', 0.00, '2011-07-20', ''),
(679, '7 Sushi', 'Sushi Fashion', 0.00, '2011-07-20', NULL),
(680, '332 ChangTon', 'Chang Ton Thai', 0.00, '2011-07-20', NULL),
(681, 'C M', ' Tasty Thai', 0.00, '2011-07-20', NULL),
(682, '79 Thai', 'Thai Eatery', 0.00, '2011-07-20', NULL),
(683, '557 Cinnamon', 'Cinnamon', 0.00, '2011-07-20', NULL),
(684, '121 Seeda', 'Seeda Thai', 8.50, '2011-07-20', NULL),
(685, '462/40 Chilli', 'Chilli Cha Cha', 0.00, '2011-07-20', NULL),
(686, '171 Glebe', 'Sumalee Thai', 0.00, '2011-07-20', NULL),
(687, '666Blue', 'Bluewok', 0.00, '2011-07-20', NULL),
(688, 'Ryde', 'Ivory', 277.54, '2011-07-21', NULL),
(689, 't1', 't1', 0.00, '2013-01-25', '');

-- --------------------------------------------------------

--
-- 表的结构 `customer`
--

CREATE TABLE IF NOT EXISTS `customer` (
  `CustomerID` int(6) NOT NULL AUTO_INCREMENT,
  `CompanyName` varchar(50) CHARACTER SET utf8 NOT NULL,
  `ContactName` varchar(50) CHARACTER SET utf8 NOT NULL,
  `CustomerType` varchar(10) CHARACTER SET utf8 NOT NULL,
  `Address1` varchar(100) CHARACTER SET utf8 NOT NULL,
  `Address2` varchar(100) CHARACTER SET utf8 NOT NULL,
  `Suburb1` varchar(50) CHARACTER SET utf8 NOT NULL,
  `Suburb2` varchar(15) CHARACTER SET utf8 NOT NULL,
  `City1` varchar(20) CHARACTER SET utf8 NOT NULL,
  `City2` varchar(20) CHARACTER SET utf8 NOT NULL,
  `State1` varchar(30) CHARACTER SET utf8 NOT NULL,
  `State2` varchar(30) CHARACTER SET utf8 NOT NULL,
  `Country1` varchar(30) CHARACTER SET utf8 NOT NULL,
  `Country2` varchar(30) CHARACTER SET utf8 NOT NULL,
  `Postcode1` varchar(10) CHARACTER SET utf8 NOT NULL,
  `Postcode2` varchar(10) CHARACTER SET utf8 NOT NULL,
  `Telephone` varchar(30) CHARACTER SET utf8 NOT NULL,
  `Fax` varchar(20) CHARACTER SET utf8 NOT NULL,
  `Mobile` varchar(30) CHARACTER SET utf8 NOT NULL,
  `Email` varchar(40) CHARACTER SET utf8 NOT NULL,
  `Website` varchar(100) CHARACTER SET utf8 DEFAULT NULL,
  `StartDate` date NOT NULL,
  PRIMARY KEY (`CustomerID`),
  UNIQUE KEY `CompanyName` (`CompanyName`),
  UNIQUE KEY `CompanyName_2` (`CompanyName`),
  UNIQUE KEY `CompanyName_3` (`CompanyName`)
) ENGINE=MyISAM  DEFAULT CHARSET=latin1 AUTO_INCREMENT=4 ;

--
-- 转存表中的数据 `customer`
--

INSERT INTO `customer` (`CustomerID`, `CompanyName`, `ContactName`, `CustomerType`, `Address1`, `Address2`, `Suburb1`, `Suburb2`, `City1`, `City2`, `State1`, `State2`, `Country1`, `Country2`, `Postcode1`, `Postcode2`, `Telephone`, `Fax`, `Mobile`, `Email`, `Website`, `StartDate`) VALUES
(1, 'test', 'test', 'Supplier', 'test', ' ', 'test', ' ', 'test', ' ', 'NSW', ' ', ' ', ' ', '123423', ' ', '', '0', '0', ' ', 'area6', '2013-01-25'),
(2, 'test2', 'test', 'Client', 't3', 't3', 't3', 't3', '3t', '3t', 'NSW', 'NSW', ' ', ' ', 't3', 't3', '', '0', '0', ' ', 'area3', '2013-01-25'),
(3, 't1', 't1', 'Client', 't1', 't1', 't1', 't1', 't2', 't2', 'NSW', 'NSW', ' ', ' ', 't1', 't1', '', '0', '0', ' ', 'area6', '2013-01-25');

-- --------------------------------------------------------

--
-- 表的结构 `driver`
--

CREATE TABLE IF NOT EXISTS `driver` (
  `driverid` int(255) NOT NULL AUTO_INCREMENT,
  `drivername` varchar(50) CHARACTER SET utf8 NOT NULL,
  PRIMARY KEY (`driverid`)
) ENGINE=InnoDB  DEFAULT CHARSET=latin1 AUTO_INCREMENT=5 ;

--
-- 转存表中的数据 `driver`
--

INSERT INTO `driver` (`driverid`, `drivername`) VALUES
(1, 'GaoYong'),
(2, 'Gordon'),
(3, 'Ray'),
(4, 'Peter');

-- --------------------------------------------------------

--
-- 表的结构 `intolibrary`
--

CREATE TABLE IF NOT EXISTS `intolibrary` (
  `ID` int(10) NOT NULL AUTO_INCREMENT,
  `ProductName` varchar(50) NOT NULL,
  `Suppliers` varchar(50) NOT NULL,
  `Price` float(8,2) NOT NULL DEFAULT '0.00',
  `Nums` int(10) NOT NULL,
  `Unit` varchar(10) NOT NULL DEFAULT 'kg',
  `TotalPric` float(8,2) NOT NULL DEFAULT '0.00',
  `IntoDate` date NOT NULL,
  `Comment` varchar(100) NOT NULL,
  PRIMARY KEY (`ID`)
) ENGINE=MyISAM  DEFAULT CHARSET=utf8 AUTO_INCREMENT=7 ;

--
-- 转存表中的数据 `intolibrary`
--

INSERT INTO `intolibrary` (`ID`, `ProductName`, `Suppliers`, `Price`, `Nums`, `Unit`, `TotalPric`, `IntoDate`, `Comment`) VALUES
(1, 'BEEF BIBKE', 'EMPIRE MEAT WHOLESALERS PTY.LTD', 4.00, 100, 'kg', 400.00, '2012-01-17', 'bibke slide'),
(2, 'Others', 'MeatFactory', 0.00, 0, 'kg', 100.00, '2012-01-17', 'rent'),
(3, 'Salary', 'MeatFactory', 0.00, 0, 'kg', 4444.00, '2013-01-06', 'give to eddi'),
(4, 'FULL BREAS', 'DEPIRA FOOD DISTRIBUTORS (DFD)', 30.00, 1, 'kg', 30.00, '2013-01-06', 'cxsa');

-- --------------------------------------------------------

--
-- 表的结构 `orderdetail`
--

CREATE TABLE IF NOT EXISTS `orderdetail` (
  `OrderID` int(10) NOT NULL,
  `CompanyName` varchar(50) CHARACTER SET utf8 NOT NULL,
  `ProductID` int(10) NOT NULL,
  `ProductName` varchar(30) CHARACTER SET utf8 NOT NULL,
  `Description` varchar(100) CHARACTER SET utf8 NOT NULL,
  `Unit` varchar(15) CHARACTER SET utf8 NOT NULL,
  `Price` float(8,2) NOT NULL,
  `Qty` float(8,2) NOT NULL,
  `Total` float(8,2) NOT NULL,
  `OrderDate` date NOT NULL
) ENGINE=MyISAM DEFAULT CHARSET=latin1;

--
-- 转存表中的数据 `orderdetail`
--

INSERT INTO `orderdetail` (`OrderID`, `CompanyName`, `ProductID`, `ProductName`, `Description`, `Unit`, `Price`, `Qty`, `Total`, `OrderDate`) VALUES
(81, '1425', 138, 'V', 'Veal', 'kg', 11.50, 15.00, 0.01, '2011-07-20'),
(81, '1425', 128, 'offB/F', 'chicken breast fillet off', 'kg', 8.00, 35.00, 0.01, '2011-07-20'),
(81, '1425', 127, 'on CTF', 'chicken thigh fillet on', 'kg', 6.20, 3.00, 0.01, '2011-07-20'),
(78, 'no.1', 98, '1B/M', 'Beef Mince 1', 'kg', 4.50, 5.00, 0.01, '2011-07-20'),
(79, 'Intra Thai', 28, 'R1', 'Beef Rump 1', 'kg', 7.50, 19.20, 0.01, '2011-07-20'),
(79, 'Intra Thai', 40, 'Loin', 'Chicken Tender Loin', 'kg', 8.00, 15.00, 0.01, '2011-07-20'),
(79, 'Intra Thai', 62, 'W', 'Chicken Wing', 'kg', 1.80, 5.00, 0.01, '2011-07-20'),
(77, '5 Noodle Bar', 128, 'offB/F', 'chicken breast fillet off', 'kg', 8.00, 25.00, 0.01, '2011-07-20'),
(77, '5 Noodle Bar', 113, 'Beef', 'Beef Slice', 'kg', 8.30, 5.00, 0.01, '2011-07-20'),
(77, '5 Noodle Bar', 62, 'W', 'Chicken Wing', 'kg', 1.80, 1.00, 0.01, '2011-07-20'),
(76, 'Kuk', 39, 'Pork', 'Pork', 'kg', 8.50, 5.00, 0.01, '2011-07-20'),
(75, '2/157', 126, 'offCTF', 'chicken thigh fillet off', 'kg', 7.00, 16.00, 0.01, '2011-07-20'),
(75, '2/157', 119, 'Belly', 'Pork belly', 'kg', 8.00, 1.90, 0.01, '2011-07-20'),
(75, '2/157', 113, 'Beef', 'Beef Slice', 'kg', 8.30, 2.00, 0.01, '2011-07-20'),
(75, '2/157', 39, 'Pork', 'Pork', 'kg', 8.50, 2.00, 0.01, '2011-07-20'),
(71, '337', 131, '1PN', 'pork neck', 'kg', 8.00, 3.80, 0.00, '2011-07-20'),
(74, '78', 131, '1PN', 'pork neck', 'kg', 8.00, 12.60, 0.01, '2011-07-20'),
(74, '78', 114, '2PSB', 'Pork soft bone 2', 'kg', 6.70, 10.00, 0.01, '2011-07-20'),
(74, '78', 68, 'C28', 'Chicken 28', 'kg', 12.40, 5.00, 0.01, '2011-07-20'),
(73, 'Power 2', 128, 'off B/F', 'chicken breast fillet off', 'kg', 8.00, 40.00, 0.00, '2011-07-20'),
(73, 'Power 2', 136, 'PAR', 'Pork American Ribs', 'kg', 12.00, 4.07, 0.01, '2011-07-20'),
(73, 'Power 2', 113, 'Beef', 'Beef Slice', 'kg', 8.30, 12.00, 0.01, '2011-07-20'),
(73, 'Power 2', 104, '2BDiced', 'Beef diced 2', 'kg', 6.70, 10.00, 0.01, '2011-07-20'),
(73, 'Power 2', 62, 'W', 'Chicken Wing', 'kg', 1.80, 2.00, 0.01, '2011-07-20'),
(73, 'Power 2', 39, 'Pork', 'Pork', 'kg', 8.50, 5.00, 0.01, '2011-07-20'),
(73, 'Power 2', 36, 'Cut', 'Lamb Cutlets', 'kg', 21.00, 3.10, 0.00, '2011-07-20'),
(72, '324', 37, 'Ldiced', 'lamb diced', 'kg', 12.40, 5.00, 0.00, '2011-07-20'),
(72, '324', 136, 'PAR', 'Pork American Ribs', 'kg', 12.00, 10.00, 0.00, '2011-07-20'),
(72, '324', 128, 'off B/F', 'chicken breast fillet off', 'kg', 8.00, 10.00, 0.01, '2011-07-20'),
(72, '324', 113, 'Beef', 'Beef Slice', 'kg', 8.30, 5.00, 0.01, '2011-07-20'),
(72, '324', 40, 'Loin', 'Chicken Tender Loin', 'kg', 8.00, 10.00, 0.01, '2011-07-20'),
(71, '337', 128, 'off B/F', 'chicken breast fillet off', 'kg', 8.00, 30.00, 0.01, '2011-07-20'),
(71, '337', 126, 'off CTF', 'chicken thigh fillet off', 'kg', 7.00, 12.00, 0.01, '2011-07-20'),
(71, '337', 113, 'Beef', 'Beef Slice', 'kg', 8.30, 10.00, 0.01, '2011-07-20'),
(70, '60-62', 128, 'off B/F', 'chicken breast fillet off', 'kg', 8.00, 15.00, 0.01, '2011-07-20'),
(70, '60-62', 126, 'off CTF', 'chicken thigh fillet off', 'kg', 7.00, 5.00, 0.01, '2011-07-20'),
(70, '60-62', 113, 'Beef', 'Beef Slice', 'kg', 8.30, 5.00, 0.01, '2011-07-20'),
(70, '60-62', 41, '1PR', 'Pork Ribs 1', 'kg', 9.00, 0.60, 0.01, '2011-07-20'),
(70, '60-62', 40, 'Loin', 'Chicken Tender Loin', 'kg', 8.00, 5.00, 0.01, '2011-07-20'),
(69, '27 Home ', 143, 'R3', 'Beef rump 3', 'kg', 8.20, 3.20, 0.00, '2011-07-20'),
(69, '27 Home ', 128, 'off B/F', 'chicken breast fillet off', 'kg', 8.00, 10.00, 0.01, '2011-07-20'),
(69, '27 Home ', 113, 'Beef', 'Beef Slice', 'kg', 8.30, 5.00, 0.01, '2011-07-20'),
(69, '27 Home ', 40, 'Loin', 'Chicken Tender Loin', 'kg', 8.00, 5.00, 0.01, '2011-07-20'),
(68, 'Papaya', 128, 'off B/F', 'chicken breast fillet off', 'kg', 8.00, 20.00, 0.01, '2011-07-20'),
(67, 'Satang Thai', 142, '2CF', 'Chicken fillet 2', 'kg', 6.00, 20.00, 0.01, '2011-07-20'),
(66, 'Satang', 128, 'off B/F', 'chicken breast fillet off', 'kg', 8.00, 20.00, 0.01, '2011-07-20'),
(66, 'Satang', 113, 'Beef', 'Beef Slice', 'kg', 8.30, 10.00, 0.01, '2011-07-20'),
(66, 'Satang', 39, 'Pork', 'Pork', 'kg', 8.50, 10.00, 0.01, '2011-07-20'),
(65, '135', 128, 'off B/F', 'chicken breast fillet off', 'kg', 8.00, 10.00, 0.01, '2011-07-20'),
(65, '135', 119, 'Belly', 'Pork belly', 'kg', 8.00, 10.00, 0.01, '2011-07-20'),
(65, '135', 113, 'Beef', 'Beef Slice', 'kg', 8.30, 5.00, 0.01, '2011-07-20'),
(65, '135', 96, '1C/M', 'Chicken Mince', 'kg', 5.60, 2.00, 0.01, '2011-07-20'),
(65, '135', 39, 'Pork', 'Pork', 'kg', 8.50, 1.00, 0.01, '2011-07-20'),
(64, '249', 139, 'BS', 'Scotch fillet', 'kg', 16.00, 3.00, 0.01, '2011-07-20'),
(64, '249', 138, 'V', 'Veal', 'kg', 11.50, 5.20, 0.01, '2011-07-20'),
(64, '249', 128, 'off B/F', 'chicken breast fillet off', 'kg', 8.00, 20.00, 0.01, '2011-07-20'),
(64, '249', 126, 'CTF off', 'chicken thigh fillet off', 'kg', 7.00, 3.00, 0.01, '2011-07-20'),
(64, '249', 62, 'W', 'Chicken Wing', 'kg', 1.80, 10.00, 0.01, '2011-07-20'),
(63, 'Thai On Work', 140, 'SC', 'Steamer Chicken', 'box', 31.50, 1.00, 0.01, '2011-07-20'),
(63, 'Thai On Work', 139, 'BS', 'Scotch fillet', 'kg', 16.00, 5.60, 0.01, '2011-07-20'),
(63, 'Thai On Work', 138, 'V', 'Veal', 'kg', 11.50, 6.20, 0.01, '2011-07-20'),
(63, 'Thai On Work', 128, 'off B/F', 'chicken breast fillet off', 'kg', 8.00, 20.00, 0.01, '2011-07-20'),
(63, 'Thai On Work', 127, 'CTF on', 'chicken thigh fillet on', 'kg', 6.20, 5.00, 0.01, '2011-07-20'),
(63, 'Thai On Work', 126, 'CTF off', 'chicken thigh fillet off', 'kg', 7.00, 7.00, 0.01, '2011-07-20'),
(63, 'Thai On Work', 104, '2BDiced', 'Beef diced 2', 'kg', 6.70, 10.00, 0.01, '2011-07-20'),
(63, 'Thai On Work', 62, 'W', 'Chicken Wing', 'kg', 1.80, 10.00, 0.01, '2011-07-20'),
(63, 'Thai On Work', 39, 'Pork', 'Pork', 'kg', 8.50, 4.00, 0.01, '2011-07-20'),
(62, ' 6/60', 128, 'off B/F', 'chicken breast fillet off', 'kg', 8.00, 30.00, 0.01, '2011-07-20'),
(62, ' 6/60', 119, 'Belly', 'Pork belly', 'kg', 8.00, 4.50, 0.01, '2011-07-20'),
(62, ' 6/60', 40, 'Loin', 'Chicken Tender Loin', 'kg', 8.00, 15.00, 0.01, '2011-07-20'),
(62, ' 6/60', 39, 'Pork', 'Pork', 'kg', 8.50, 5.00, 0.01, '2011-07-20'),
(61, '299', 133, 'C24', 'chicken 24', 'each', 9.30, 4.00, 0.01, '2011-07-20'),
(61, '299', 128, 'off B/F', 'chicken breast fillet off', 'kg', 8.00, 30.00, 0.01, '2011-07-20'),
(61, '299', 45, 'PSB', 'Pork Soft Bone', 'kg', 6.50, 16.50, 0.01, '2011-07-20'),
(61, '299', 40, 'Loin', 'Chicken Tender Loin', 'kg', 8.00, 20.00, 0.01, '2011-07-20'),
(61, '299', 39, 'Pork', 'Pork', 'kg', 8.50, 10.00, 0.01, '2011-07-20'),
(61, '299', 30, 'BDiced', 'Beef Diced', 'kg', 6.50, 19.50, 0.01, '2011-07-20'),
(61, '299', 26, 'BTS', 'Beef Top side', 'kg', 8.00, 10.00, 0.01, '2011-07-20'),
(60, 'Thai Riffic Center Point', 131, '1PN', 'pork neck', 'kg', 8.00, 7.00, 0.01, '2011-07-20'),
(60, 'Thai Riffic Center Point', 128, 'off B/F', 'chicken breast fillet off', 'kg', 8.00, 35.00, 0.01, '2011-07-20'),
(60, 'Thai Riffic Center Point', 113, 'Beef', 'Beef Slice', 'kg', 8.30, 10.70, 0.01, '2011-07-20'),
(59, '574', 128, 'off B/F', 'chicken breast fillet off', 'kg', 8.00, 35.00, 0.01, '2011-07-20'),
(59, '574', 113, 'Beef', 'Beef Slice', 'kg', 8.30, 7.00, 0.01, '2011-07-20'),
(59, '574', 107, '2MF on', 'Chicken merryland on 2', 'kg', 5.50, 3.30, 0.01, '2011-07-20'),
(59, '574', 62, 'W', 'Chicken Wing', 'kg', 1.80, 5.00, 0.01, '2011-07-20'),
(59, '574', 40, 'Loin', 'Chicken Tender Loin', 'kg', 8.00, 5.00, 0.01, '2011-07-20'),
(59, '574', 39, 'Pork', 'Pork', 'kg', 8.50, 2.00, 0.01, '2011-07-20'),
(59, '574', 28, 'R', 'Beef Rump', 'kg', 7.50, 5.70, 0.01, '2011-07-20'),
(58, '1/125', 128, 'off B/F', 'chicken breast fillet off', 'kg', 8.00, 15.00, 0.00, '2011-07-20'),
(58, '1/125', 40, 'Loin', 'Chicken Tender Loin', 'kg', 8.00, 10.00, 0.00, '2011-07-20'),
(58, '1/125', 113, 'Beef', 'Beef Slice', 'kg', 8.30, 5.00, 0.01, '2011-07-20'),
(57, 'Shin Sei Ki', 129, 'PBS', 'pork belly slice', 'kg', 8.50, 2.50, 0.01, '2011-07-20'),
(57, 'Shin Sei Ki', 128, 'off B/F', 'chicken breast fillet off', 'kg', 7.80, 2.00, 0.01, '2011-07-20'),
(57, 'Shin Sei Ki', 126, 'CTF off', 'chicken thigh fillet off', 'kg', 7.00, 22.00, 0.01, '2011-07-20'),
(58, '1/125', 39, 'Pork', 'Pork', 'kg', 8.50, 5.00, 0.01, '2011-07-20'),
(57, 'Shin Sei Ki', 46, 'PFAT', 'Fat', 'kg', 1.00, 0.30, 0.01, '2011-07-20'),
(57, 'Shin Sei Ki', 61, '1MF on', 'Merryland on 1', 'kg', 4.80, 35.00, 0.00, '2011-07-20'),
(57, 'Shin Sei Ki', 95, 'CBone', 'Chicken Bone', 'Tubs', 0.00, 25.00, 0.01, '2011-07-20'),
(57, 'Shin Sei Ki', 99, '1P/M', 'Pork Mince 1', 'kg', 5.50, 4.00, 0.01, '2011-07-20'),
(57, 'Shin Sei Ki', 109, '2CMF off ', 'Chicken merryland off 2', 'kg', 6.50, 45.00, 0.01, '2011-07-20'),
(57, 'Shin Sei Ki', 113, 'Beef', 'Beef Slice', 'kg', 8.00, 2.00, 0.01, '2011-07-20'),
(57, 'Shin Sei Ki', 122, 'CSB', 'chicken soft bone', 'kg', 5.00, 14.00, 0.01, '2011-07-20'),
(57, 'Shin Sei Ki', 125, '3CMon', 'chicken merryland on 3', 'kg', 5.00, 15.00, 0.01, '2011-07-20'),
(81, '1425', 119, 'Belly', 'Pork belly', 'kg', 8.00, 3.30, 0.01, '2011-07-20'),
(81, '1425', 62, 'W', 'Chicken Wing', 'kg', 1.80, 5.00, 0.01, '2011-07-20'),
(81, '1425', 40, 'Loin', 'Chicken Tender Loin', 'kg', 8.00, 10.00, 0.01, '2011-07-20'),
(81, '1425', 39, 'Pork', 'Pork', 'kg', 8.50, 33.80, 0.01, '2011-07-20'),
(81, '1425', 30, '1BDiced', 'Beef Diced 1', 'kg', 6.50, 6.90, 0.01, '2011-07-20'),
(80, '1115', 144, 'Lamb', 'Lamb', 'kg', 12.40, 5.00, 0.00, '2011-07-20'),
(80, '1115', 128, 'offB/F', 'chicken breast fillet off', 'kg', 8.00, 20.00, 0.01, '2011-07-20'),
(80, '1115', 96, '1C/M', 'Chicken Mince', 'kg', 5.60, 5.00, 0.01, '2011-07-20'),
(80, '1115', 62, 'W', 'Chicken Wing', 'kg', 1.80, 5.00, 0.01, '2011-07-20'),
(77, '5 Noodle Bar', 43, 'PF1', 'Pork Fillet 1', 'kg', 11.00, 1.10, 0.00, '2011-07-20'),
(79, 'Intra Thai', 108, '1CMF off ', 'Chicken merryland off 1', 'kg', 5.50, 5.10, 0.00, '2011-07-20'),
(79, 'Intra Thai', 130, 'CS', 'Spatchcock', 'each', 4.60, 6.00, 0.01, '2011-07-20'),
(79, 'Intra Thai', 128, 'offB/F', 'chicken breast fillet off', 'kg', 8.00, 35.00, 0.01, '2011-07-20'),
(79, 'Intra Thai', 96, '1C/M', 'Chicken Mince', 'kg', 5.60, 10.00, 0.01, '2011-07-20'),
(81, '1425', 38, 'LS', 'Lamb Shank', 'kg', 7.50, 20.00, 0.00, '2011-07-20'),
(81, '1425', 145, 'LF3', 'Lamb fillet 3', 'kg', 19.50, 7.00, 0.00, '2011-07-20'),
(82, '3/107', 113, 'Beef', 'Beef Slice', 'kg', 8.30, 5.00, 0.01, '2011-07-20'),
(82, '3/107', 126, 'offCTF', 'chicken thigh fillet off', 'kg', 7.00, 5.00, 0.01, '2011-07-20'),
(82, '3/107', 128, 'offB/F', 'chicken breast fillet off', 'kg', 8.00, 25.00, 0.01, '2011-07-20'),
(82, '3/107', 145, 'LF3', 'Lamb fillet 3', 'kg', 19.50, 5.00, 0.01, '2011-07-20'),
(83, '1431', 146, '4CML', 'chicken merryland off 4', 'kg', 6.30, 40.00, 0.01, '2011-07-20'),
(84, 'Newport Bhaji ', 144, 'Lamb', 'Lamb', 'kg', 12.40, 15.00, 0.01, '2011-07-20'),
(84, 'Newport Bhaji ', 146, '4CML', 'chicken merryland off 4', 'kg', 6.30, 30.00, 0.01, '2011-07-20'),
(85, 'Somnuk', 29, 'CH', 'Chunk Roll', 'kg', 6.50, 4.50, 0.01, '2011-07-20'),
(85, 'Somnuk', 39, 'Pork', 'Pork', 'kg', 8.50, 3.00, 0.01, '2011-07-20'),
(85, 'Somnuk', 126, 'offCTF', 'chicken thigh fillet off', 'kg', 7.00, 5.00, 0.01, '2011-07-20'),
(85, 'Somnuk', 128, 'offB/F', 'chicken breast fillet off', 'kg', 8.00, 15.00, 0.01, '2011-07-20'),
(86, '17 Angle', 40, 'Loin', 'Chicken Tender Loin', 'kg', 8.00, 5.00, 0.01, '2011-07-20'),
(86, '17 Angle', 61, '1MF on', 'Merryland on 1', 'kg', 4.80, 5.00, 0.01, '2011-07-20'),
(86, '17 Angle', 113, 'Beef', 'Beef Slice', 'kg', 8.30, 6.00, 0.01, '2011-07-20'),
(86, '17 Angle', 128, 'offB/F', 'chicken breast fillet off', 'kg', 8.00, 20.00, 0.01, '2011-07-20'),
(86, '17 Angle', 144, 'Lamb', 'Lamb', 'kg', 12.40, 13.40, 0.01, '2011-07-20'),
(87, '1354', 39, 'Pork', 'Pork', 'kg', 8.50, 5.00, 0.01, '2011-07-20'),
(87, '1354', 40, 'Loin', 'Chicken Tender Loin', 'kg', 8.00, 10.00, 0.01, '2011-07-20'),
(87, '1354', 128, 'offB/F', 'chicken breast fillet off', 'kg', 8.00, 80.00, 0.01, '2011-07-20'),
(87, '1354', 144, 'Lamb', 'Lamb', 'kg', 12.40, 5.00, 0.01, '2011-07-20'),
(88, 'm. m', 113, 'Beef', 'Beef Slice', 'kg', 8.30, 5.00, 0.01, '2011-07-20'),
(88, 'm. m', 127, 'on CTF', 'chicken thigh fillet on', 'kg', 6.20, 2.00, 0.01, '2011-07-20'),
(88, 'm. m', 128, 'offB/F', 'chicken breast fillet off', 'kg', 8.00, 10.00, 0.01, '2011-07-20'),
(89, '166-174', 29, 'CH', 'Chunk Roll', 'kg', 6.50, 4.30, 0.01, '2011-07-20'),
(89, '166-174', 128, 'offB/F', 'chicken breast fillet off', 'kg', 8.00, 20.00, 0.01, '2011-07-20'),
(89, '166-174', 138, 'V', 'Veal', 'kg', 11.50, 3.40, 0.01, '2011-07-20'),
(90, 'Jay', 108, '1CMF off ', 'Chicken merryland off 1', 'kg', 5.50, 10.00, 0.01, '2011-07-20'),
(90, 'Jay', 128, 'offB/F', 'chicken breast fillet off', 'kg', 8.00, 20.00, 0.01, '2011-07-20'),
(90, 'Jay', 27, 'K', 'Knuckle', 'kg', 6.50, 9.60, 0.00, '2011-07-20'),
(90, 'Jay', 29, 'CH', 'Chunk Roll', 'kg', 6.50, 7.00, 0.00, '2011-07-20'),
(92, 'Shin Sei Ki', 43, 'PF1', 'Pork Fillet 1', 'kg', 11.00, 2.36, 0.01, '2011-07-21'),
(92, 'Shin Sei Ki', 46, 'PFAT', 'Pork Fat', 'kg', 1.00, 0.30, 0.01, '2011-07-21'),
(92, 'Shin Sei Ki', 61, '1MF on', 'Merryland on 1', 'kg', 4.80, 40.00, 0.01, '2011-07-21'),
(92, 'Shin Sei Ki', 95, 'CBone', 'Chicken Bone', 'Tubs', 0.00, 25.00, 0.01, '2011-07-21'),
(92, 'Shin Sei Ki', 99, '1P/M', 'Pork Mince 1', 'kg', 5.50, 2.00, 0.01, '2011-07-21'),
(92, 'Shin Sei Ki', 109, '2CMF off ', 'Chicken merryland off 2', 'kg', 6.50, 45.00, 0.01, '2011-07-21'),
(92, 'Shin Sei Ki', 112, '2C/M ', 'Chicken Mince 2', 'kg', 6.20, 3.00, 0.01, '2011-07-21'),
(92, 'Shin Sei Ki', 125, '3CMon', 'chicken merryland on 3', 'kg', 5.00, 10.00, 0.01, '2011-07-21'),
(92, 'Shin Sei Ki', 126, 'offCTF', 'chicken thigh fillet off', 'kg', 7.00, 9.00, 0.01, '2011-07-21'),
(92, 'Shin Sei Ki', 128, 'offB/F', 'chicken breast fillet off', 'kg', 8.00, 2.00, 0.01, '2011-07-21'),
(92, 'Shin Sei Ki', 129, 'PBS', 'Pork belly slice', 'kg', 8.50, 0.50, 0.01, '2011-07-21'),
(92, 'Shin Sei Ki', 131, '1PN', 'pork neck', 'kg', 8.00, 15.86, 0.01, '2011-07-21'),
(92, 'Shin Sei Ki', 48, 'QU', 'Quail', 'kg', 14.20, 2.00, 0.00, '2011-07-21'),
(93, 'Buthcer Shop', 147, '2CW', 'Chicken wing 2', 'kg', 1.50, 60.00, 0.01, '2011-07-21'),
(95, 'Ryde', 126, 'offCTF', 'chicken thigh fillet off', 'kg', 7.00, 5.00, 0.01, '2011-07-21'),
(95, 'Ryde', 96, '1C/M', 'Chicken Mince', 'kg', 5.60, 2.00, 0.01, '2011-07-21'),
(95, 'Ryde', 30, '1BDiced', 'Beef Diced 1', 'kg', 6.50, 10.00, 0.01, '2011-07-21'),
(95, 'Ryde', 28, 'R1', 'Beef Rump 1', 'kg', 7.50, 5.00, 0.01, '2011-07-21'),
(95, 'Ryde', 128, 'offB/F', 'chicken breast fillet off', 'kg', 8.00, 15.00, 0.01, '2011-07-21'),
(95, 'Ryde', 148, '2ML', 'Chicken merryland 2', 'kg', 3.40, 2.60, 0.01, '2011-07-21'),
(96, 'Yummi', 39, 'Pork', 'Pork', 'kg', 8.50, 5.00, 0.01, '2011-07-21'),
(96, 'Yummi', 113, 'Beef', 'Beef Slice', 'kg', 8.30, 5.00, 0.01, '2011-07-21'),
(96, 'Yummi', 128, 'offB/F', 'chicken breast fillet off', 'kg', 8.00, 10.00, 0.01, '2011-07-21'),
(97, '15 ', 113, 'Beef', 'Beef Slice', 'kg', 8.30, 2.00, 0.01, '2011-07-21'),
(97, '15 ', 126, 'offCTF', 'chicken thigh fillet off', 'kg', 7.00, 2.00, 0.01, '2011-07-21'),
(97, '15 ', 128, 'offB/F', 'chicken breast fillet off', 'kg', 8.00, 15.00, 0.01, '2011-07-21'),
(97, '15 ', 29, 'CH', 'Chunk Roll', 'kg', 6.50, 4.30, 0.00, '2011-07-21'),
(108, 'Power 2', 104, '2BDiced', 'Beef diced 2', 'kg', 6.70, 10.00, 0.01, '2011-07-21'),
(107, 'Satang', 113, 'Beef', 'Beef Slice', 'kg', 8.30, 10.00, 0.00, '2011-07-21'),
(111, 'Satang Thai', 142, '2CF', 'Chicken fillet 2', 'kg', 6.00, 20.00, 0.01, '2011-07-21'),
(107, 'Satang', 138, 'V', 'Veal', 'kg', 11.50, 1.00, 0.01, '2011-07-21'),
(107, 'Satang', 128, 'offB/F', 'chicken breast fillet off', 'kg', 8.00, 10.00, 0.01, '2011-07-21'),
(106, '249', 149, 'R4', 'Beef rump 4', 'kg', 7.80, 2.20, 0.00, '2011-07-21'),
(106, '249', 128, 'offB/F', 'chicken breast fillet off', 'kg', 8.00, 15.00, 0.01, '2011-07-21'),
(106, '249', 138, 'V', 'Veal', 'kg', 11.50, 8.00, 0.00, '2011-07-21'),
(106, '249', 62, 'W', 'Chicken Wing', 'kg', 2.00, 10.00, 0.01, '2011-07-21'),
(106, '249', 39, 'Pork', 'Pork', 'kg', 8.50, 5.00, 0.01, '2011-07-21'),
(106, '249', 29, 'CH', 'Chunk Roll', 'kg', 6.50, 15.00, 0.01, '2011-07-21'),
(105, '324', 146, '4CML', 'chicken merryland off 4', 'kg', 6.30, 10.00, 0.01, '2011-07-21'),
(105, '324', 128, 'offB/F', 'chicken breast fillet off', 'kg', 8.00, 10.00, 0.01, '2011-07-21'),
(105, '324', 40, 'Loin', 'Chicken Tender Loin', 'kg', 8.00, 10.00, 0.01, '2011-07-21'),
(104, '337', 40, 'Loin', 'Chicken Tender Loin', 'kg', 8.00, 12.00, 0.01, '2011-07-21'),
(100, 'Noodlebar', 39, 'Pork', 'Pork', 'kg', 8.50, 4.00, 0.01, '2011-07-21'),
(100, 'Noodlebar', 113, 'Beef', 'Beef Slice', 'kg', 8.30, 6.00, 0.01, '2011-07-21'),
(100, 'Noodlebar', 128, 'offB/F', 'chicken breast fillet off', 'kg', 8.00, 25.00, 0.01, '2011-07-21'),
(101, 'Platform Thai', 40, 'Loin', 'Chicken Tender Loin', 'kg', 8.00, 20.00, 0.01, '2011-07-21'),
(101, 'Platform Thai', 62, 'W', 'Chicken Wing', 'kg', 2.00, 5.00, 0.01, '2011-07-21'),
(101, 'Platform Thai', 100, 'R2', 'Beef Rump 2', 'kg', 7.90, 10.60, 0.01, '2011-07-21'),
(101, 'Platform Thai', 107, '2MF on', 'Chicken merryland on 2', 'kg', 5.50, 5.00, 0.01, '2011-07-21'),
(101, 'Platform Thai', 128, 'offB/F', 'chicken breast fillet off', 'kg', 8.00, 5.00, 0.01, '2011-07-21'),
(102, '382', 102, '3B/M', 'Beef Mince  3', 'kg', 5.00, 3.00, 0.01, '2011-07-21'),
(102, '382', 112, '2C/M ', 'Chicken Mince 2', 'kg', 6.20, 3.00, 0.01, '2011-07-21'),
(102, '382', 128, 'offB/F', 'chicken breast fillet off', 'kg', 8.00, 15.20, 0.01, '2011-07-21'),
(103, 'Thai Riffic Center Point', 113, 'Beef', 'Beef Slice', 'kg', 8.30, 10.00, 0.01, '2011-07-21'),
(103, 'Thai Riffic Center Point', 115, 'PF2', 'Pork fillet 2', 'kg', 11.50, 1.10, 0.01, '2011-07-21'),
(103, 'Thai Riffic Center Point', 127, 'on CTF', 'chicken thigh fillet on', 'kg', 6.20, 2.00, 0.01, '2011-07-21'),
(103, 'Thai Riffic Center Point', 128, 'offB/F', 'chicken breast fillet off', 'kg', 8.00, 45.00, 0.01, '2011-07-21'),
(108, 'Power 2', 113, 'Beef', 'Beef Slice', 'kg', 8.30, 10.00, 0.01, '2011-07-21'),
(108, 'Power 2', 128, 'offB/F', 'chicken breast fillet off', 'kg', 8.00, 30.00, 0.01, '2011-07-21'),
(108, 'Power 2', 148, '2ML', 'Chicken merryland 2', 'kg', 3.40, 7.90, 0.01, '2011-07-21'),
(109, 'Thai On Work', 128, 'offB/F', 'chicken breast fillet off', 'kg', 8.00, 25.00, 0.01, '2011-07-21'),
(109, 'Thai On Work', 39, 'Pork', 'Pork', 'kg', 8.50, 2.20, 0.00, '2011-07-21'),
(109, 'Thai On Work', 139, 'BS', 'Scotch fillet', 'kg', 16.00, 5.80, 0.01, '2011-07-21'),
(109, 'Thai On Work', 138, 'V', 'Veal', 'kg', 11.50, 8.00, 0.01, '2011-07-21'),
(106, '249', 40, 'Loin', 'Chicken Tender Loin', 'kg', 8.00, 5.00, 0.00, '2011-07-21'),
(109, 'Thai On Work', 126, 'offCTF', 'chicken thigh fillet off', 'kg', 7.00, 7.00, 0.00, '2011-07-21'),
(109, 'Thai On Work', 127, 'on CTF', 'chicken thigh fillet on', 'kg', 6.20, 5.00, 0.00, '2011-07-21'),
(110, '2-135 Wok Station', 39, 'Pork', 'Pork', 'kg', 8.50, 3.00, 0.01, '2011-07-21'),
(110, '2-135 Wok Station', 113, 'Beef', 'Beef Slice', 'kg', 8.30, 3.00, 0.01, '2011-07-21'),
(110, '2-135 Wok Station', 128, 'offB/F', 'chicken breast fillet off', 'kg', 8.00, 15.00, 0.01, '2011-07-21'),
(108, 'Power 2', 58, 'CDS', 'Chicken Drum Stick', 'kg', 3.00, 2.00, 0.00, '2011-07-21'),
(108, 'Power 2', 66, 'C12', 'Chicken 12', 'kg', 7.00, 1.00, 0.00, '2011-07-21'),
(112, '27 Home ', 40, 'Loin', 'Chicken Tender Loin', 'kg', 8.00, 3.00, 0.01, '2011-07-21'),
(112, '27 Home ', 119, 'Belly', 'Pork belly', 'kg', 8.00, 2.00, 0.01, '2011-07-21'),
(112, '27 Home ', 128, 'offB/F', 'chicken breast fillet off', 'kg', 8.00, 10.00, 0.01, '2011-07-21'),
(113, 'Papaya', 62, 'W', 'Chicken Wing', 'kg', 2.00, 5.00, 0.01, '2011-07-21'),
(113, 'Papaya', 126, 'offCTF', 'chicken thigh fillet off', 'kg', 7.00, 10.00, 0.01, '2011-07-21'),
(113, 'Papaya', 128, 'offB/F', 'chicken breast fillet off', 'kg', 8.00, 20.00, 0.01, '2011-07-21'),
(114, '60-62', 128, 'offB/F', 'chicken breast fillet off', 'kg', 8.00, 15.00, 0.01, '2011-07-21'),
(115, '78', 150, '3CF', 'Chicken fillet 3', 'kg', 5.60, 20.00, 0.01, '2011-07-21'),
(115, '78', 151, '3CM', 'Chicken Mince 3', 'kg', 5.30, 10.00, 0.01, '2011-07-21'),
(116, ' 6/60', 26, '1BTS', 'Beef Top side 1', 'kg', 8.00, 5.00, 0.01, '2012-01-17'),
(116, ' 6/60', 29, 'CH', 'Chunk Roll', 'kg', 6.50, 5.00, 0.01, '2012-01-17'),
(116, ' 6/60', 30, '1BDiced', 'Beef Diced 1', 'kg', 6.50, 4.00, 0.01, '2012-01-17'),
(118, '253', 5, 'PS', 'Pork Slice', 'KG', 8.50, 1.00, 0.00, '2012-01-17'),
(118, '253', 27, 'K', 'Knuckle', 'kg', 6.50, 2.00, 0.00, '2012-01-17'),
(118, '253', 30, '1BDiced', 'Beef Diced 1', 'kg', 6.50, 14.00, 0.00, '2012-01-17'),
(119, '253', 26, '1BTS', 'Beef Top side 1', 'kg', 8.00, 1.00, 0.00, '2012-01-25'),
(122, '253', 5, 'PS', 'Pork Slice', 'KG', 8.50, 2000.00, 0.00, '2012-02-10'),
(121, ' 6/60', 5, 'PS', 'Pork Slice', 'KG', 8.50, 1.00, 0.01, '2012-01-25'),
(121, ' 6/60', 26, '1BTS', 'Beef Top side 1', 'kg', 8.00, 0.00, 16.00, '2012-01-25'),
(122, '253', 27, 'K', 'Knuckle', 'kg', 6.50, 1.00, 0.00, '2012-02-10'),
(123, ' 6/60', 5, 'PS', 'Pork Slice', 'KG', 8.50, 1.00, 0.01, '2012-02-10'),
(123, ' 6/60', 26, '1BTS', 'Beef Top side 1', 'kg', 8.00, 1.00, 0.01, '2012-02-10'),
(124, '1/1 Cielo', 5, 'PS', 'Pork Slice', 'KG', 8.50, 1.00, 0.01, '2012-02-10'),
(124, '1/1 Cielo', 26, '1BTS', 'Beef Top side 1', 'kg', 8.00, 1.00, 0.01, '2012-02-10'),
(125, '1/125 Metang', 5, 'PS', 'Pork Slice', 'KG', 8.50, 6.00, 0.00, '2012-02-11'),
(132, ' 6/60', 26, '1BTS', 'Beef Top side 1', 'kg', 8.00, 26.00, 0.00, '2012-02-16'),
(130, '1/3', 5, 'PS', 'Pork Slice', 'KG', 8.50, 1.00, 0.00, '2012-02-12'),
(130, '1/3', 26, '1BTS', 'Beef Top side 1', 'kg', 8.00, 2.00, 0.00, '2012-02-12'),
(130, '1/3', 27, 'K', 'Knuckle', 'kg', 6.50, 3.00, 0.00, '2012-02-12'),
(131, '121 Seeda', 5, 'PS', 'Pork Slice', 'KG', 8.50, 1.00, 0.00, '2012-02-12'),
(132, ' 6/60', 119, 'Belly', 'Pork belly', 'kg', 8.00, 120.00, 0.00, '2012-02-16'),
(132, ' 6/60', 128, 'offB/F', 'Chicken breast fillet off', 'kg', 8.00, 128.00, 0.00, '2012-02-16'),
(132, ' 6/60', 29, 'CH', 'Chunk Roll', 'kg', 6.50, 29.00, 0.00, '2012-02-16'),
(132, ' 6/60', 30, '1BDiced', 'Beef Diced 1', 'kg', 6.50, 30.00, 0.00, '2012-02-16'),
(132, ' 6/60', 39, 'Pork', 'Pork', 'kg', 8.50, 39.00, 0.00, '2012-02-16'),
(132, ' 6/60', 40, 'Loin', 'Chicken Tender Loin', 'kg', 8.00, 40.00, 0.00, '2012-02-16'),
(132, ' 6/60', 5, 'PS', 'Pork Slice', 'KG', 8.50, 5.00, 0.00, '2012-02-16'),
(133, ' 6/60', 119, 'Belly', 'Pork belly', 'kg', 8.00, 119.00, 0.00, '2012-02-16'),
(133, ' 6/60', 128, 'offB/F', 'Chicken breast fillet off', 'kg', 8.00, 128.00, 0.00, '2012-02-16'),
(133, ' 6/60', 26, '1BTS', 'Beef Top side 1', 'kg', 8.00, 26.00, 0.00, '2012-02-16'),
(133, ' 6/60', 29, 'CH', 'Chunk Roll', 'kg', 6.50, 29.00, 0.00, '2012-02-16'),
(133, ' 6/60', 30, '1BDiced', 'Beef Diced 1', 'kg', 6.50, 30.00, 0.00, '2012-02-16'),
(133, ' 6/60', 39, 'Pork', 'Pork', 'kg', 8.50, 39.00, 0.00, '2012-02-16'),
(133, ' 6/60', 40, 'Loin', 'Chicken Tender Loin', 'kg', 8.00, 40.00, 0.00, '2012-02-16'),
(133, ' 6/60', 5, 'PS', 'Pork Slice', 'KG', 8.50, 5.00, 0.00, '2012-02-16'),
(134, ' 6/60', 119, 'Belly', 'Pork belly', 'kg', 8.00, 120.00, 0.00, '2012-02-16'),
(134, ' 6/60', 128, 'offB/F', 'Chicken breast fillet off', 'kg', 8.00, 128.00, 0.00, '2012-02-16'),
(134, ' 6/60', 26, '1BTS', 'Beef Top side 1', 'kg', 8.00, 26.00, 0.00, '2012-02-16'),
(134, ' 6/60', 29, 'CH', 'Chunk Roll', 'kg', 6.50, 29.00, 0.00, '2012-02-16'),
(134, ' 6/60', 30, '1BDiced', 'Beef Diced 1', 'kg', 6.50, 30.00, 0.00, '2012-02-16'),
(134, ' 6/60', 39, 'Pork', 'Pork', 'kg', 8.50, 39.00, 0.00, '2012-02-16'),
(134, ' 6/60', 40, 'Loin', 'Chicken Tender Loin', 'kg', 8.00, 40.00, 0.00, '2012-02-16'),
(134, ' 6/60', 5, 'PS', 'Pork Slice', 'KG', 8.50, 5.00, 0.00, '2012-02-16'),
(135, '208', 5, 'PS', 'Pork Slice', 'KG', 8.50, 2.00, 0.00, '2012-02-16'),
(135, '208', 26, '1BTS', 'Beef Top side 1', 'kg', 8.00, 3.00, 0.00, '2012-02-16'),
(136, '76', 5, 'PS', 'Pork Slice', 'KG', 8.50, 1.00, 0.00, '2012-02-16'),
(136, '76', 26, '1BTS', 'Beef Top side 1', 'kg', 8.00, 1.00, 0.00, '2012-02-16'),
(137, ' 6/60', 5, 'PS', 'Pork Slice', 'KG', 8.50, 5.00, 0.00, '2012-02-18'),
(137, ' 6/60', 40, 'Loin', 'Chicken Tender Loin', 'kg', 8.00, 41.00, 0.00, '2012-02-18'),
(137, ' 6/60', 39, 'Pork', 'Pork', 'kg', 8.50, 39.00, 0.00, '2012-02-18'),
(137, ' 6/60', 30, '1BDiced', 'Beef Diced 1', 'kg', 6.50, 30.00, 0.00, '2012-02-18'),
(137, ' 6/60', 29, 'CH', 'Chunk Roll', 'kg', 6.50, 29.00, 0.00, '2012-02-18'),
(137, ' 6/60', 26, '1BTS', 'Beef Top side 1', 'kg', 8.00, 26.00, 0.00, '2012-02-18'),
(137, ' 6/60', 128, 'offB/F', 'Chicken breast fillet off', 'kg', 8.00, 128.00, 0.00, '2012-02-18'),
(137, ' 6/60', 119, 'Belly', 'Pork belly', 'kg', 8.00, 120.00, 0.00, '2012-02-18'),
(138, ' 6/60', 5, 'PS', 'Pork Slice', 'KG', 8.50, 5.00, 0.00, '2012-02-18'),
(138, ' 6/60', 40, 'Loin', 'Chicken Tender Loin', 'kg', 8.00, 42.00, 0.00, '2012-02-18'),
(138, ' 6/60', 39, 'Pork', 'Pork', 'kg', 8.50, 39.00, 0.00, '2012-02-18'),
(138, ' 6/60', 30, '1BDiced', 'Beef Diced 1', 'kg', 6.50, 30.00, 0.00, '2012-02-18'),
(138, ' 6/60', 29, 'CH', 'Chunk Roll', 'kg', 6.50, 29.00, 0.00, '2012-02-18'),
(138, ' 6/60', 26, '1BTS', 'Beef Top side 1', 'kg', 8.00, 26.00, 0.00, '2012-02-18'),
(138, ' 6/60', 128, 'offB/F', 'Chicken breast fillet off', 'kg', 8.00, 128.00, 0.00, '2012-02-18'),
(138, ' 6/60', 119, 'Belly', 'Pork belly', 'kg', 8.00, 120.00, 0.00, '2012-02-18'),
(139, ' 6/60', 5, 'PS', 'Pork Slice', 'KG', 8.50, 5.00, 0.00, '2012-02-25'),
(139, ' 6/60', 40, 'Loin', 'Chicken Tender Loin', 'kg', 8.00, 42.00, 0.00, '2012-02-25'),
(139, ' 6/60', 39, 'Pork', 'Pork', 'kg', 8.50, 39.00, 0.00, '2012-02-25'),
(139, ' 6/60', 30, '1BDiced', 'Beef Diced 1', 'kg', 6.50, 30.00, 0.00, '2012-02-25'),
(139, ' 6/60', 29, 'CH', 'Chunk Roll', 'kg', 6.50, 29.00, 0.00, '2012-02-25'),
(139, ' 6/60', 26, '1BTS', 'Beef Top side 1', 'kg', 8.00, 26.00, 0.00, '2012-02-25'),
(139, ' 6/60', 128, 'offB/F', 'Chicken breast fillet off', 'kg', 8.00, 128.00, 0.00, '2012-02-25'),
(139, ' 6/60', 119, 'Belly', 'Pork belly', 'kg', 8.00, 120.00, 0.00, '2012-02-25'),
(140, '1/43 Blaxland', 40, 'Loin', 'Chicken Tenderlion', 'kg', 8.00, 2.00, 0.00, '2013-01-03'),
(140, '1/43 Blaxland', 55, 'on B/F', 'Breast Fillet on', 'kg', 7.80, 2.00, 0.00, '2013-01-03'),
(141, '1/43 Blaxland', 97, 'T', 'Chicken Thigh', 'kg', 6.80, 3.00, 0.00, '2013-01-06'),
(141, '1/43 Blaxland', 40, 'Loin', 'Chicken Tenderlion', 'kg', 8.00, 2.00, 0.00, '2013-01-06'),
(141, '1/43 Blaxland', 55, 'on B/F', 'Breast Fillet on', 'kg', 7.80, 2.00, 0.00, '2013-01-06');

-- --------------------------------------------------------

--
-- 表的结构 `orderinfo`
--

CREATE TABLE IF NOT EXISTS `orderinfo` (
  `OrderID` int(10) NOT NULL AUTO_INCREMENT,
  `CompanyName` varchar(50) CHARACTER SET utf8 NOT NULL,
  `DeliveryDate` date NOT NULL,
  `Comment` text CHARACTER SET utf8 NOT NULL,
  `Driver` varchar(20) CHARACTER SET utf8 NOT NULL,
  `Status` varchar(15) CHARACTER SET utf8 NOT NULL,
  `Address` varchar(100) CHARACTER SET utf8 NOT NULL,
  `Suburb` varchar(20) CHARACTER SET utf8 NOT NULL,
  `Area` varchar(10) CHARACTER SET utf8 NOT NULL,
  `Postcode` varchar(10) CHARACTER SET utf8 NOT NULL,
  `TotalQty` float(8,2) NOT NULL DEFAULT '0.00',
  `TotalPrice` float(8,2) NOT NULL DEFAULT '0.00',
  `OrderDate` date NOT NULL,
  `CompleteDate` date NOT NULL,
  `ContactName` varchar(50) CHARACTER SET utf8 NOT NULL,
  PRIMARY KEY (`OrderID`),
  KEY `OrderID` (`OrderID`)
) ENGINE=MyISAM  DEFAULT CHARSET=latin1 AUTO_INCREMENT=142 ;

--
-- 转存表中的数据 `orderinfo`
--

INSERT INTO `orderinfo` (`OrderID`, `CompanyName`, `DeliveryDate`, `Comment`, `Driver`, `Status`, `Address`, `Suburb`, `Area`, `Postcode`, `TotalQty`, `TotalPrice`, `OrderDate`, `CompleteDate`, `ContactName`) VALUES
(62, ' 6/60', '2011-07-20', '', 'GaoYong', 'completed', '6/60 Union st', 'Pyrmont', 'Area1', '2009', 54.50, 438.50, '2011-07-20', '2011-07-20', ''),
(61, '299', '2011-07-20', '', 'Ray', 'completed', '299 Sussex St', 'Sydney', 'Area1', '', 110.00, 836.20, '2011-07-20', '2011-07-20', ''),
(59, '574', '2011-07-20', '', 'GaoYong', 'completed', '574 Darling Street', 'ROZELLE', 'Area2', '2039', 63.00, 465.00, '2011-07-20', '2011-07-20', ''),
(60, 'Thai Riffic Center Point', '2011-07-20', '', 'GaoYong', 'completed', '', '', 'Area1', '', 52.70, 424.81, '2011-07-20', '2011-07-20', ''),
(57, 'Shin Sei Ki', '2011-07-20', '', 'Ray', 'completed', '', '', 'Area1', '', 166.80, 951.85, '2011-07-20', '2011-07-20', ''),
(58, '1/125 Metang', '2011-07-20', '', 'GaoYong', 'completed', '1/125 Great North Rd', 'Five Dock', 'Area2', '2046', 35.00, 393.20, '2011-07-20', '2011-07-20', ''),
(63, '193 Thai On Work', '2011-07-20', '', 'Ray', 'completed', '1193 Glebe Point Rd', 'Glebe', 'Area1', '2037', 68.80, 551.40, '2011-07-20', '2011-07-20', ''),
(64, '249', '2011-07-20', '', 'Ray', 'completed', '249 Glebe Point Road', 'GLEBE', 'Area1', '2037', 41.20, 306.80, '2011-07-20', '2011-07-20', ''),
(65, '2-135 Wok Station', '2011-07-20', '', 'Ray', 'completed', '135 Harris st', 'Pyrmont', 'Area1', '2009', 28.00, 221.20, '2011-07-20', '2011-07-20', ''),
(66, 'Satang', '2011-07-20', '', 'Ray', 'completed', 'Shop 203/107-121, Quay st', 'Haymarket', 'Area1', '2000', 40.00, 328.00, '2011-07-20', '2011-07-20', ''),
(67, 'Satang Thai', '2011-07-20', '', 'GaoYong', 'completed', '20 Quay Street ', 'HAYMARKET', 'Area1', '2000', 20.00, 120.00, '2011-07-20', '2011-07-20', ''),
(68, 'Papaya', '2011-07-20', '', 'Ray', 'completed', 'shop28/23-33 Middenden Rd', 'Camperdown', 'Area1', '2050', 20.00, 160.00, '2011-07-20', '2011-07-20', ''),
(69, '27 Home ', '2011-07-20', '', 'Ray', 'New', '27 Glebe Point Road', 'Glebe', 'Area1', '2037', 23.20, 187.74, '2011-07-20', '2011-07-20', ''),
(70, '60-62', '2011-07-20', '', 'Gordon', 'completed', '60-62 Foveaux Street', 'SURRY HILLS', 'Area1', '2010', 30.60, 241.90, '2011-07-20', '2011-07-20', ''),
(71, '337', '2011-07-20', '', 'Gordon', 'New', '337 King Street', 'Newtown', 'Area1', '2042', 55.80, 437.40, '2011-07-20', '2011-07-20', ''),
(72, '324', '2011-07-20', '', 'Gordon', 'New', '324 King St, Newtown', 'Newtown', 'Area1', '2042', 40.00, 556.50, '2011-07-20', '2011-07-20', ''),
(73, 'Power 2', '2011-07-20', '', 'Gordon', 'New', '220 Addison rd', 'Marrickville', 'Area1', '', 76.17, 920.64, '2011-07-20', '2011-07-20', ''),
(74, '78', '2011-07-20', '', 'Gordon', 'New', '78 Devonshire Street', 'SURRY HILLS', 'Area1', '2010', 27.60, 229.80, '2011-07-20', '2011-07-20', ''),
(75, '2/157 Monkey', '2011-07-20', '', 'Ray', 'New', 'Shop 2, 157 Oxford st', 'Bondi Junction', 'Area3', '2022', 21.90, 160.80, '2011-07-20', '2011-07-20', ''),
(76, 'Kuk', '2011-07-20', '', 'Ray', 'New', '144 Queen Street', 'WOLLAHRA', 'Area3', '2025', 5.00, 42.50, '2011-07-20', '2011-07-20', ''),
(77, '5 Noodle Bar', '2011-07-20', '', 'Ray', 'New', 'L5, Caf   Court', 'WESTFIELD BONDI', 'Area3', '2022', 32.10, 255.40, '2011-07-20', '2011-07-20', ''),
(78, 'no.1', '2011-07-20', '', 'Ray', 'New', '1 Norton st', 'Leichhardt', 'Area1', '', 5.00, 22.50, '2011-07-20', '2011-07-20', ''),
(79, 'Intra Thai', '2011-07-20', '', 'Ray', 'New', '88-90 Curlewis Street', 'BONDI BEACH', 'Area3', '2026', 95.30, 664.65, '2011-07-20', '2011-07-20', ''),
(80, '1115', '2011-07-20', '', 'GaoYong', 'New', '1115 Pittwater rd', 'Collaroy', 'Area4', '', 35.00, 259.00, '2011-07-20', '2011-07-20', ''),
(81, '1425', '2011-07-20', '', 'GaoYong', 'New', '1425 Pittwater rd', 'Narrabeen', 'Area4', '2101', 139.00, 1205.15, '2011-07-20', '2011-07-20', ''),
(82, '3/107', '2011-07-20', '', 'GaoYong', 'New', 'shop 3/107 Alfred Street', 'NARRAWEENA', 'Area1', '2099', 40.00, 374.00, '2011-07-20', '2011-07-20', ''),
(83, '1431', '2011-07-20', '', 'GaoYong', 'New', '1/1431 Pittwater Rd', 'Narrabeen', 'Area4', '2101', 40.00, 252.00, '2011-07-20', '2011-07-20', ''),
(84, '315A Bhaji ', '2011-07-20', '', 'GaoYong', 'New', '315a, Barranjoey rd', 'Newport', 'Area4', '2106', 45.00, 375.00, '2011-07-20', '2011-07-20', ''),
(85, 'Somnuk', '2011-07-20', '', 'GaoYong', 'New', '323A, Barrenjoey rd', 'Newport', 'Area4', '', 27.50, 209.75, '2011-07-20', '2011-07-20', ''),
(86, '17 Angle', '2011-07-20', '', 'GaoYong', 'New', '17 Babbage rd', 'Roseville Chase', 'Area4', '2069', 49.40, 439.96, '2011-07-20', '2011-07-20', ''),
(87, '1354', '2011-07-20', '', 'GaoYong', 'New', '1354 Pittwater Road', 'NARRABEEN ', 'Area4', '2101', 100.00, 824.50, '2011-07-20', '2011-07-20', ''),
(88, 'm. m', '2011-07-20', '', 'Gordon', 'New', 'Shop 7, 713-715 Military Road', 'MOSMAN', 'Area4', '2088', 17.00, 133.90, '2011-07-20', '2011-07-20', ''),
(89, '166-174 Sam', '2011-07-20', '', 'Gordon', 'New', '166-174 Military Road', 'NEUTRAL BAY', 'Area4', '2089', 27.70, 227.05, '2011-07-20', '2011-07-20', ''),
(90, 'Jay', '2011-07-20', '', 'GaoYong', 'completed', 'Shop 8, 81-91 Military rd', 'Neutral Bay', 'Area4', '2089', 46.60, 322.90, '2011-07-20', '2011-07-20', ''),
(92, 'Shin Sei Ki', '2011-07-21', '', '', 'New', '', '', 'Area1', '', 157.02, 828.89, '2011-07-21', '2011-07-21', ''),
(93, 'Buthcer Shop', '2011-07-21', '', '', 'New', '', '', 'Area1', '', 60.00, 90.00, '2011-07-21', '2011-07-21', ''),
(95, 'Ryde', '2011-07-21', '', '', 'New', 'Shop4/144-148, Cox s rd', 'North Ryde', 'Area1', '', 39.60, 277.54, '2011-07-21', '2011-07-21', ''),
(96, 'Yummi', '2011-07-21', '', '', 'New', 'Shop F8, Sussex Centre, 401 Sussex St', 'City', 'Area1', '', 20.00, 164.00, '2011-07-21', '2011-07-21', ''),
(97, '15 ', '2011-07-21', '', '', 'New', '15 Hayes Street', 'NEUTRAL BAY', 'Area4', '2089', 23.30, 178.55, '2011-07-21', '2011-07-21', ''),
(105, '324', '2011-07-21', '', '', 'New', '324 King St, Newtown', 'Newtown', 'Area1', '2042', 30.00, 223.00, '2011-07-21', '2011-07-21', ''),
(104, '337', '2011-07-21', '', '', 'New', '337 King Street', 'Newtown', 'Area1', '2042', 12.00, 96.00, '2011-07-21', '2011-07-21', ''),
(100, 'Noodlebar', '2011-07-21', '', '', 'New', '388 Darling st', 'Balmain', 'Area2', '', 35.00, 283.80, '2011-07-21', '2011-07-21', ''),
(101, 'Platform Thai', '2011-07-21', '', '', 'New', 'Shop 8 Cross st', 'Breakfast Point', 'Area2', '2137', 45.60, 321.24, '2011-07-21', '2011-07-21', ''),
(102, '382', '2011-07-21', '', '', 'New', '382 Darling st', 'Balmain', 'Area2', '2041', 21.20, 155.20, '2011-07-21', '2011-07-21', ''),
(103, 'Thai Riffic Center Point', '2011-07-21', '', '', 'New', '', '', 'Area1', '', 58.10, 468.05, '2011-07-21', '2011-07-21', ''),
(106, '249', '2011-07-21', '', '', 'New', '249 Glebe Point Road', 'GLEBE', 'Area1', '2037', 60.20, 429.16, '2011-07-21', '2011-07-21', ''),
(107, 'Satang', '2011-07-21', '', '', 'New', 'Shop 203/107-121, Quay st', 'Haymarket', 'Area1', '2000', 21.00, 174.50, '2011-07-21', '2011-07-21', ''),
(108, 'Power 2', '2011-07-21', '', '', 'New', '220 Addison rd', 'Marrickville', 'Area1', '', 60.90, 429.86, '2011-07-21', '2011-07-21', ''),
(109, '193 Thai On Work', '2011-07-21', '', '', 'New', '1193 Glebe Point Rd', 'Glebe', 'Area1', '2037', 53.00, 483.50, '2011-07-21', '2011-07-21', ''),
(110, '2-135 Wok Station', '2011-07-21', '', '', 'New', '2-135 Harris st', 'Pyrmont', 'Area1', '2009', 21.00, 170.40, '2011-07-21', '2011-07-21', ''),
(111, 'Satang Thai', '2011-07-21', '', '', 'New', '20 Quay Street ', 'HAYMARKET', 'Area1', '2000', 20.00, 120.00, '2011-07-21', '2011-07-21', ''),
(112, '27 Home ', '2011-07-21', '', '', 'New', '27 Glebe Point Road', 'Glebe', 'Area1', '2037', 15.00, 120.00, '2011-07-21', '2011-07-21', ''),
(113, 'Papaya', '2011-07-21', '', '', 'New', 'shop28/23-33 Middenden Rd', 'Camperdown', 'Area1', '2050', 35.00, 240.00, '2011-07-21', '2011-07-21', ''),
(114, '60-62', '2011-07-21', '', '', 'New', '60-62 Foveaux Street', 'SURRY HILLS', 'Area1', '2010', 15.00, 120.00, '2011-07-21', '2011-07-21', ''),
(115, '78', '2011-07-21', '', '', 'New', '78 Devonshire Street', 'SURRY HILLS', 'Area1', '2010', 30.00, 165.00, '2011-07-21', '2011-07-21', ''),
(116, ' 6/60', '2012-01-18', '', 'Gordon', 'Completed', '6/60 Union st', 'Pyrmont', 'Area1', '2009', 14.00, 98.50, '2012-01-17', '2012-01-17', ''),
(118, '253', '2012-01-17', '', '', 'New', '253 Bondi Road', 'BONDI', 'Area3', '2026', 17.00, 112.50, '2012-01-17', '2012-01-17', ''),
(119, '253', '2012-01-25', '', '', 'New', '253 Bondi Road', 'BONDI', 'Area3', '2026', 1.00, 8.00, '2012-01-25', '2012-01-25', ''),
(122, '253', '2012-02-10', '', '', 'New', '253 Bondi Road', 'BONDI', 'Area3', '2026', 2001.00, 17006.50, '2012-02-10', '2012-02-10', ''),
(121, ' 6/60', '2012-01-25', '', '', 'New', '6/60 Union st', 'Pyrmont', 'Area1', '2009', 4.00, 32.50, '2012-01-25', '2012-01-25', ''),
(123, ' 6/60', '2012-02-10', '', '', 'New', '6/60 Union st', 'Pyrmont', 'Area1', '2009', 2.00, 16.50, '2012-02-10', '2012-02-10', ''),
(124, '1/1 Cielo', '2012-02-10', '', '', 'New', 'Shop 1/1-5 Bourke st', 'Mascot', 'Area3', '', 2.00, 16.50, '2012-02-10', '2012-02-10', ''),
(125, '1/125 Metang', '2012-02-11', '', '', 'New', '1/125 Great North Rd', 'Five Dock', 'Area2', '2046', 6.00, 51.00, '2012-02-11', '2012-02-11', 'Me-Tang'),
(130, '1/3', '2012-02-12', '', '', 'New', 'Shop 1, 3-7 Cowell st', 'GLADESVILLE', 'Area2', '2111', 6.00, 44.00, '2012-02-12', '2012-02-12', 'Lyaia Thai Restaurant'),
(131, '121 Seeda', '2012-02-12', '', '', 'New', '121 Enmore rd', ' Enmore', 'Area1', '', 1.00, 8.50, '2012-02-12', '2012-02-12', 'Seeda Thai'),
(132, ' 6/60', '2012-02-16', '', '', 'Completed', '6/60 Union st', 'Pyrmont', 'Area1', '2009', 417.00, 3269.50, '2012-02-16', '2012-02-16', ' 555'),
(133, ' 6/60', '2012-02-16', '', '', 'Completed', '6/60 Union st', 'Pyrmont', 'Area1', '2009', 416.00, 3261.50, '2012-02-16', '2012-02-16', ' 555'),
(134, ' 6/60', '2012-02-16', '', 'GaoYong', 'Completed', '6/60 Union st', 'Pyrmont', 'Area1', '2009', 417.00, 3269.50, '2012-02-16', '2012-02-16', ' 555'),
(135, '208', '2012-02-16', '', 'Gordon', 'Completed', '208 Devonshire Street', 'SURRY HILLS', 'Area1', '2010', 5.00, 41.00, '2012-02-16', '2012-02-16', 'Devonshire Thai'),
(136, '76', '2012-02-16', '', '', 'Completed', '76 Spring Streeet', 'Bondi Junction', 'Area3', '2022', 2.00, 16.50, '2012-02-16', '2012-02-16', 'Chilli Club Thai'),
(137, ' 6/60', '2012-02-18', '', '', 'Completed', '6/60 Union st', 'Pyrmont', 'Area1', '2009', 418.00, 3277.50, '2012-02-18', '2012-02-18', ' 555'),
(138, ' 6/60', '2012-02-18', '', '', 'Completed', '6/60 Union st', 'Pyrmont', 'Area1', '2009', 419.00, 3285.50, '2012-02-18', '2012-02-18', ' 555'),
(139, ' 6/60', '2012-02-25', '', '', 'New', '6/60 Union st', 'Pyrmont', 'Area1', '2009', 419.00, 3285.50, '2012-02-25', '2012-02-25', ' 555'),
(140, '1/43 Blaxland', '2013-01-03', '', '', 'New', 'Shop 2-3, 43 Blaxland Road', 'RYDE', 'Area1', '2112', 4.00, 31.60, '2013-01-03', '2013-01-03', 'Arawah Thai'),
(141, '1/43 Blaxland', '2013-01-06', '', 'GaoYong', 'Completed', 'Shop 2-3, 43 Blaxland Road', 'RYDE', 'Area1', '2112', 7.00, 52.00, '2013-01-06', '2013-01-06', 'Arawah Thai');

-- --------------------------------------------------------

--
-- 表的结构 `payment`
--

CREATE TABLE IF NOT EXISTS `payment` (
  `InvoiceID` int(10) NOT NULL AUTO_INCREMENT,
  `Date` date NOT NULL,
  `OrderID` int(10) NOT NULL,
  `CompanyName` varchar(50) CHARACTER SET utf8 NOT NULL,
  `Debit` float(8,2) NOT NULL DEFAULT '0.00',
  `Credit` float(8,2) NOT NULL DEFAULT '0.00',
  `Status` varchar(10) CHARACTER SET utf8 NOT NULL,
  `PayMethod` varchar(10) CHARACTER SET utf8 NOT NULL,
  PRIMARY KEY (`InvoiceID`),
  UNIQUE KEY `InvouiceID` (`InvoiceID`)
) ENGINE=MyISAM  DEFAULT CHARSET=latin1 AUTO_INCREMENT=418 ;

--
-- 转存表中的数据 `payment`
--

INSERT INTO `payment` (`InvoiceID`, `Date`, `OrderID`, `CompanyName`, `Debit`, `Credit`, `Status`, `PayMethod`) VALUES
(92, '2011-07-07', 119, 'Test', 77.20, 0.00, 'Unpaid', ''),
(399, '2012-02-10', 123, ' 6/60', 16.50, 0.00, 'Unpaid', ''),
(94, '2011-07-07', 121, 'c. m', 16.00, 0.00, 'Unpaid', ''),
(95, '2011-07-07', 122, '17', 17006.50, 0.00, 'Unpaid', ''),
(96, '2011-07-07', 123, '13', 0.00, 0.00, 'Unpaid', ''),
(97, '2011-07-07', 124, 'wwwww', 70.50, 0.00, 'Unpaid', ''),
(98, '2011-07-07', 125, '1354', 46.80, 0.00, 'Unpaid', ''),
(409, '2012-02-16', 133, ' 6/60', 3261.50, 0.00, 'Unpaid', ''),
(410, '2012-02-16', 134, ' 6/60', 3269.50, 0.00, 'Unpaid', ''),
(411, '2012-02-16', 135, '208', 41.00, 0.00, 'Unpaid', ''),
(103, '2011-07-08', 130, '105', 65.00, 0.00, 'Unpaid', ''),
(104, '2011-07-08', 131, '15ta', 53.00, 0.00, 'Unpaid', ''),
(105, '2011-07-08', 132, '36 (3)', 0.00, 0.00, 'Unpaid', ''),
(106, '2011-07-08', 133, '1354', 67.50, 0.00, 'Unpaid', ''),
(107, '2011-07-08', 134, 'lKuk', 3269.50, 0.00, 'Unpaid', ''),
(108, '2011-07-08', 135, '1/43 Blaxland', 0.00, 0.00, 'Unpaid', ''),
(109, '2011-07-11', 136, 'Baan Bua', 42.00, 0.00, 'Unpaid', ''),
(110, '2011-07-11', 137, '105', 53.00, 0.00, 'Unpaid', ''),
(111, '2011-07-11', 138, '1/43 Blaxland', 62.00, 0.00, 'Unpaid', ''),
(112, '2011-07-11', 139, 'os76', 62.40, 0.00, 'Unpaid', ''),
(113, '2011-07-11', 140, '10', 31.60, 0.00, 'Unpaid', ''),
(114, '2011-07-11', 141, '19', 52.00, 0.00, 'Unpaid', ''),
(116, '2011-07-11', 143, '15', 30.00, 0.00, 'Unpaid', ''),
(117, '2011-07-12', 144, 'Style Dish', 62.00, 0.00, 'Unpaid', ''),
(118, '2011-07-12', 145, ' ', 126.00, 0.00, 'Unpaid', ''),
(119, '2011-07-12', 146, '193', 70.00, 0.00, 'Unpaid', ''),
(120, '2011-07-12', 147, '15', 196.50, 0.00, 'Unpaid', ''),
(121, '2011-07-12', 148, '1431', 70.00, 0.00, 'Unpaid', ''),
(122, '2011-07-12', 149, '135', 203.00, 0.00, 'Unpaid', ''),
(123, '2011-07-12', 150, '337', 62.00, 0.00, 'Unpaid', ''),
(124, '2011-07-12', 151, '43', 39.00, 0.00, 'Unpaid', ''),
(125, '2011-07-12', 152, 'Coconut ', 56.00, 0.00, 'Unpaid', ''),
(126, '2011-07-12', 153, 'D''lish', 56.00, 0.00, 'Unpaid', ''),
(129, '2011-07-12', 156, 'D lish', 216.00, 0.00, 'Unpaid', ''),
(130, '2011-07-12', 157, 'Kuk', 282.00, 0.00, 'Unpaid', ''),
(131, '2011-07-12', 158, '3/107', 72.50, 0.00, 'Unpaid', ''),
(132, '2011-07-12', 159, '60-62', 156.00, 0.00, 'Unpaid', ''),
(133, '2011-07-12', 160, '395C', 183.50, 0.00, 'Unpaid', ''),
(134, '2011-07-12', 161, 'Baan Bua', 195.00, 0.00, 'Unpaid', ''),
(135, '2011-07-12', 162, 'Noodle Bar', 144.00, 0.00, 'Unpaid', ''),
(136, '2011-07-12', 163, '1425', 52.00, 0.00, 'Unpaid', ''),
(137, '2011-07-12', 164, '10', 79.00, 0.00, 'Unpaid', ''),
(138, '2011-07-12', 165, 'DEPIRA FOOD DISTRIBUTORS (DFD)xxx', 142.50, 0.00, 'Unpaid', ''),
(139, '2011-07-12', 166, '1354', 64.00, 0.00, 'Unpaid', ''),
(140, '2011-07-12', 167, '1115', 235.50, 0.00, 'Unpaid', ''),
(141, '2011-07-12', 168, '146 ', 168.00, 0.00, 'Unpaid', ''),
(142, '2011-07-12', 169, '3/54 To go', 553.00, 0.00, 'Unpaid', ''),
(143, '2011-07-12', 170, '249', 80.50, 0.00, 'Unpaid', ''),
(144, '2011-07-12', 171, '1/43 Blaxland', 56.00, 0.00, 'Unpaid', ''),
(145, '2011-07-12', 172, '210 Kish&Kish', 56.00, 0.00, 'Unpaid', ''),
(146, '2011-07-12', 173, '574', 72.50, 0.00, 'Unpaid', ''),
(147, '2011-07-12', 174, '541 Kallin Lime', 72.50, 0.00, 'Unpaid', ''),
(148, '2011-07-12', 175, '1/3', 53.00, 0.00, 'Unpaid', ''),
(149, '2011-07-12', 176, '105', 83.70, 0.00, 'Unpaid', ''),
(150, '2011-07-12', 177, '36 (5)', 155.00, 0.00, 'Unpaid', ''),
(151, '2011-07-12', 178, '212', 90.00, 0.00, 'Unpaid', ''),
(152, '2011-07-12', 179, 'China Doll Accessoories', 90.00, 0.00, 'Unpaid', ''),
(153, '2011-07-12', 180, 'Thai Riffic Center Point', 181.00, 0.00, 'Unpaid', ''),
(154, '2011-07-12', 181, '@Home ', 145.00, 0.00, 'Unpaid', ''),
(155, '2011-07-12', 182, '29', 91.00, 0.00, 'Unpaid', ''),
(156, '2011-07-12', 183, 'ET''S Family', 91.00, 0.00, 'Unpaid', ''),
(157, '2011-07-12', 184, 'New Shanghai 1', 151.00, 0.00, 'Unpaid', ''),
(158, '2011-07-12', 185, 'Tong', 387.00, 0.00, 'Unpaid', ''),
(159, '2011-07-12', 186, 'wwwww', 91.00, 0.00, 'Unpaid', ''),
(160, '2011-07-12', 187, 'New Shanghai', 60.00, 0.00, 'Unpaid', ''),
(161, '2011-07-12', 188, 'New Shanghai 2', 60.00, 0.00, 'Unpaid', ''),
(162, '2011-07-12', 189, 'Thai Riffic Noodle Bar 1', 60.00, 0.00, 'Unpaid', ''),
(163, '2011-07-12', 190, 'tttttttttttt', 92.50, 0.00, 'Unpaid', ''),
(386, '2011-07-21', 110, '2-135 Wok Station', 170.40, 0.00, 'Unpaid', ''),
(379, '2011-07-21', 103, 'Thai Riffic Center Point', 468.05, 0.00, 'Unpaid', ''),
(372, '2011-07-21', 96, 'Yummi', 164.00, 0.00, 'Unpaid', ''),
(373, '2011-07-21', 97, '15 ', 178.55, 0.00, 'Unpaid', ''),
(383, '2011-07-21', 107, 'Satang', 174.50, 0.00, 'Unpaid', ''),
(381, '2011-07-21', 105, '324', 223.00, 0.00, 'Unpaid', ''),
(376, '2011-07-21', 100, 'Noodlebar', 283.80, 0.00, 'Unpaid', ''),
(377, '2011-07-21', 101, 'Platform Thai', 321.24, 0.00, 'Unpaid', ''),
(378, '2011-07-21', 102, '382', 155.20, 0.00, 'Unpaid', ''),
(364, '2011-07-20', 88, 'm. m', 133.90, 0.00, 'Unpaid', ''),
(365, '2011-07-20', 89, '166-174', 227.05, 0.00, 'Unpaid', ''),
(366, '2011-07-20', 90, 'Jay', 322.90, 0.00, 'Unpaid', ''),
(361, '2011-07-20', 85, 'Somnuk', 209.75, 0.00, 'Unpaid', ''),
(362, '2011-07-20', 86, '17 Angle', 439.96, 0.00, 'Unpaid', ''),
(363, '2011-07-20', 87, '1354', 824.50, 0.00, 'Unpaid', ''),
(360, '2011-07-20', 84, 'Newport Bhaji ', 375.00, 0.00, 'Unpaid', ''),
(356, '2011-07-20', 80, '1115', 259.00, 0.00, 'Unpaid', ''),
(357, '2011-07-20', 81, '1425', 1205.15, 0.00, 'Unpaid', ''),
(358, '2011-07-20', 82, '3/107', 374.00, 0.00, 'Unpaid', ''),
(359, '2011-07-20', 83, '1431', 252.00, 0.00, 'Unpaid', ''),
(353, '2011-07-20', 77, '5 Noodle Bar', 255.40, 0.00, 'Unpaid', ''),
(354, '2011-07-20', 78, 'no.1', 22.50, 0.00, 'Unpaid', ''),
(355, '2011-07-20', 79, 'Intra Thai', 664.65, 0.00, 'Unpaid', ''),
(352, '2011-07-20', 76, 'Kuk', 42.50, 0.00, 'Unpaid', ''),
(349, '2011-07-20', 73, 'Power 2', 949.64, 0.00, 'Unpaid', ''),
(350, '2011-07-20', 74, '78', 229.80, 0.00, 'Unpaid', ''),
(351, '2011-07-20', 75, '2/157', 160.80, 0.00, 'Unpaid', ''),
(345, '2011-07-20', 69, '27 Home ', 187.74, 0.00, 'Unpaid', ''),
(346, '2011-07-20', 70, '60-62', 241.90, 0.00, 'Unpaid', ''),
(347, '2011-07-20', 71, '337', 437.40, 0.00, 'Unpaid', ''),
(348, '2011-07-20', 72, '324', 575.00, 0.00, 'Unpaid', ''),
(343, '2011-07-20', 67, 'Satang Thai', 120.00, 0.00, 'Unpaid', ''),
(344, '2011-07-20', 68, 'Papaya', 160.00, 0.00, 'Unpaid', ''),
(341, '2011-07-20', 65, '135', 221.20, 0.00, 'Unpaid', ''),
(342, '2011-07-20', 66, 'Satang', 328.00, 0.00, 'Unpaid', ''),
(337, '2011-07-20', 61, '299', 836.20, 0.00, 'Unpaid', ''),
(338, '2011-07-20', 62, ' 6/60', 438.50, 0.00, 'Unpaid', ''),
(339, '2011-07-20', 63, 'Thai On Work', 551.40, 0.00, 'Unpaid', ''),
(340, '2011-07-20', 64, '249', 306.80, 0.00, 'Unpaid', ''),
(336, '2011-07-20', 60, 'Thai Riffic Center Point', 424.81, 0.00, 'Unpaid', ''),
(334, '2011-07-20', 58, '1/125', 401.00, 0.00, 'Unpaid', ''),
(335, '2011-07-20', 59, '574', 465.00, 0.00, 'Unpaid', ''),
(333, '2011-07-20', 57, 'Shin Sei Ki', 965.65, 0.00, 'Unpaid', ''),
(229, '2011-07-12', 57, 'D''lish', 965.65, 0.00, 'Unpaid', ''),
(230, '2011-07-12', 58, 'ET''S Family', 401.00, 0.00, 'Unpaid', ''),
(231, '2011-07-12', 59, 'Home', 58.00, 0.00, 'Unpaid', ''),
(232, '2011-07-12', 60, 'I Thai 1', 58.00, 0.00, 'Unpaid', ''),
(233, '2011-07-12', 61, 'Intra ', 58.00, 0.00, 'Unpaid', ''),
(234, '2011-07-12', 62, 'Intra Thai', 58.00, 0.00, 'Unpaid', ''),
(235, '2011-07-12', 63, 'Ivory', 58.00, 0.00, 'Unpaid', ''),
(236, '2011-07-12', 64, 'Jay', 58.00, 0.00, 'Unpaid', ''),
(237, '2011-07-12', 65, 'Jolly 158', 58.00, 0.00, 'Unpaid', ''),
(238, '2011-07-12', 66, 'Kuk', 58.00, 0.00, 'Unpaid', ''),
(239, '2011-07-12', 67, 'Lasha Baba', 58.00, 0.00, 'Unpaid', ''),
(240, '2011-07-12', 68, 'Little Thai', 58.00, 0.00, 'Unpaid', ''),
(241, '2011-07-12', 69, 'm. m', 187.74, 0.00, 'Unpaid', ''),
(242, '2011-07-12', 70, 'Manjit''s', 58.00, 0.00, 'Unpaid', ''),
(243, '2011-07-12', 71, 'mon', 437.40, 0.00, 'Unpaid', ''),
(244, '2011-07-12', 72, 'New Shanghai', 575.00, 0.00, 'Unpaid', ''),
(245, '2011-07-12', 73, 'New Shanghai 1', 949.64, 0.00, 'Unpaid', ''),
(246, '2011-07-12', 74, 'New Shanghai 2', 58.00, 0.00, 'Unpaid', ''),
(247, '2011-07-12', 75, 'New Shanghai 3', 58.00, 0.00, 'Unpaid', ''),
(248, '2011-07-12', 76, 'Newport Bhaji ', 58.00, 0.00, 'Unpaid', ''),
(249, '2011-07-12', 77, 'Nina', 255.40, 0.00, 'Unpaid', ''),
(250, '2011-07-12', 78, 'no.1', 145.00, 0.00, 'Unpaid', ''),
(251, '2011-07-12', 79, 'Noodle Bar', 664.65, 0.00, 'Unpaid', ''),
(252, '2011-07-12', 80, 'Pad Thai Chicken', 259.00, 0.00, 'Unpaid', ''),
(253, '2011-07-12', 81, 'Papaya', 1205.15, 0.00, 'Unpaid', ''),
(254, '2011-07-12', 82, 'Platform Thai', 203.00, 0.00, 'Unpaid', ''),
(255, '2011-07-12', 83, 'Power 2', 87.00, 0.00, 'Unpaid', ''),
(256, '2011-07-12', 84, 'Qian Cao', 87.00, 0.00, 'Unpaid', ''),
(257, '2011-07-12', 85, 'Rice Chilli', 87.00, 0.00, 'Unpaid', ''),
(258, '2011-07-12', 86, 'Satang', 87.00, 0.00, 'Unpaid', ''),
(259, '2011-07-12', 87, 'Satang Thai', 87.00, 0.00, 'Unpaid', ''),
(260, '2011-07-12', 88, 'Seaforth', 87.00, 0.00, 'Unpaid', ''),
(261, '2011-07-12', 89, 'seat', 87.00, 0.00, 'Unpaid', ''),
(262, '2011-07-12', 90, 'siam', 322.90, 0.00, 'Unpaid', ''),
(369, '2011-07-21', 93, 'Buthcer Shop', 90.00, 0.00, 'Unpaid', ''),
(264, '2011-07-12', 92, 'Singha', 115.40, 0.00, 'Unpaid', ''),
(265, '2011-07-12', 93, 'So', 174.00, 0.00, 'Unpaid', ''),
(371, '2011-07-21', 95, 'Ryde', 277.54, 0.00, 'Unpaid', ''),
(267, '2011-07-12', 95, 'star', 277.54, 0.00, 'Unpaid', ''),
(268, '2011-07-12', 96, 'Sticky Rice ', 87.00, 0.00, 'Unpaid', ''),
(269, '2011-07-12', 97, 'Sticky Rice Edgworth', 178.55, 0.00, 'Unpaid', ''),
(382, '2011-07-21', 106, '249', 429.16, 0.00, 'Unpaid', ''),
(380, '2011-07-21', 104, '337', 96.00, 0.00, 'Unpaid', ''),
(272, '2011-07-12', 100, 'tttttttttttt', 87.00, 0.00, 'Unpaid', ''),
(273, '2011-07-12', 101, 'Tong', 87.00, 0.00, 'Unpaid', ''),
(274, '2011-07-12', 102, 'The Grain Thai ', 174.00, 0.00, 'Unpaid', ''),
(275, '2011-07-12', 103, 'Thai Thai', 113.00, 0.00, 'Unpaid', ''),
(276, '2011-07-12', 104, 'Thai Riffic Noodle Bar 1', 96.00, 0.00, 'Unpaid', ''),
(387, '2011-07-21', 111, 'Satang Thai', 120.00, 0.00, 'Unpaid', ''),
(384, '2011-07-21', 108, 'Power 2', 429.86, 0.00, 'Unpaid', ''),
(385, '2011-07-21', 109, 'Thai On Work', 483.50, 0.00, 'Unpaid', ''),
(368, '2011-07-21', 92, 'Shin Sei Ki', 115.40, 0.00, 'Unpaid', ''),
(388, '2011-07-21', 112, '27 Home ', 120.00, 0.00, 'Unpaid', ''),
(389, '2011-07-21', 113, 'Papaya', 240.00, 0.00, 'Unpaid', ''),
(390, '2011-07-21', 114, '60-62', 120.00, 0.00, 'Unpaid', ''),
(391, '2011-07-21', 115, '78', 165.00, 0.00, 'Unpaid', ''),
(392, '2012-01-18', 116, ' 6/60', 98.50, 0.00, 'Unpaid', ''),
(394, '2012-01-17', 118, '253', 112.50, 0.00, 'Unpaid', ''),
(395, '2012-01-25', 119, '253', 8.00, 0.00, 'Unpaid', ''),
(398, '2012-02-10', 122, '253', 17006.50, 0.00, 'Unpaid', ''),
(397, '2012-01-25', 121, ' 6/60', 16.00, 0.00, 'Unpaid', ''),
(400, '2012-02-10', 124, '1/1 Cielo', 16.50, 0.00, 'Unpaid', ''),
(401, '2012-02-11', 125, '1/125 Metang', 51.00, 0.00, 'Unpaid', ''),
(406, '2012-02-12', 130, '1/3', 44.00, 0.00, 'Unpaid', ''),
(407, '2012-02-12', 131, '121 Seeda', 8.50, 0.00, 'Unpaid', ''),
(408, '2012-02-16', 132, ' 6/60', 3269.50, 0.00, 'Unpaid', ''),
(412, '2012-02-16', 136, '76', 16.50, 0.00, 'Unpaid', ''),
(413, '2012-02-18', 137, ' 6/60', 3277.50, 0.00, 'Unpaid', ''),
(414, '2012-02-18', 138, ' 6/60', 3285.50, 0.00, 'Unpaid', ''),
(415, '2012-02-25', 139, ' 6/60', 3285.50, 0.00, 'Unpaid', ''),
(416, '2013-01-03', 140, '1/43 Blaxland', 31.60, 0.00, 'Unpaid', ''),
(417, '2013-01-06', 141, '1/43 Blaxland', 52.00, 0.00, 'Unpaid', '');

-- --------------------------------------------------------

--
-- 表的结构 `product`
--

CREATE TABLE IF NOT EXISTS `product` (
  `ProductID` int(6) NOT NULL AUTO_INCREMENT,
  `ProductName` varchar(10) CHARACTER SET utf8 NOT NULL,
  `Description` varchar(35) CHARACTER SET utf8 NOT NULL,
  `Stock` float NOT NULL DEFAULT '0',
  `Unit` varchar(10) CHARACTER SET utf8 NOT NULL,
  `Price` float NOT NULL DEFAULT '0',
  `Category` varchar(11) CHARACTER SET utf8 NOT NULL,
  `Department` varchar(50) CHARACTER SET utf8 DEFAULT NULL,
  `Location` varchar(50) CHARACTER SET utf8 DEFAULT NULL,
  PRIMARY KEY (`ProductID`)
) ENGINE=MyISAM  DEFAULT CHARSET=latin1 AUTO_INCREMENT=153 ;

--
-- 转存表中的数据 `product`
--

INSERT INTO `product` (`ProductID`, `ProductName`, `Description`, `Stock`, `Unit`, `Price`, `Category`, `Department`, `Location`) VALUES
(5, 'PS', 'Pork Slice', 66, 'KG', 8.5, 'Pork', '', ''),
(26, '1BTS', 'Beef Topside 1', 0, 'kg', 8, 'Beef', '', ''),
(27, 'K', 'Knuckle', 0, 'kg', 6.5, 'Beef', '', ''),
(28, 'R1', 'Beef Rump 1', 0, 'kg', 7.5, 'Beef', '', ''),
(29, 'CH', 'Chunk Roll', 0, 'kg', 6.5, 'Beef', '', ''),
(30, '1BDiced', 'Beef Diced 1', 0, 'kg', 6.5, 'Beef', '', ''),
(31, '1BTB', 'Beef T/bone 1', 0, 'kg', 12, 'Beef', '', ''),
(32, 'BCM', 'Beef c muscle', 0, 'kg', 8.2, 'Beef', '', ''),
(33, 'BCR', 'Beef Cube Roll', 0, 'kg', 13, 'Beef', '', ''),
(34, 'BW', 'Wagyu', 0, 'kg', 0, 'Others', '', ''),
(35, '1LF', 'Lamb Fillet 1', 0, 'kg', 15.5, 'Lamb', '', ''),
(36, 'Cut', 'Lamb Cutlets', 0, 'kg', 21, 'Lamb', '', ''),
(37, 'Ldiced', 'lamb Diced', 0, 'kg', 12.4, 'Lamb', '', ''),
(38, 'LS', 'Lamb Shank', 0, 'kg', 7.5, 'Lamb', '', ''),
(39, 'Pork', 'Pork', 0, 'kg', 8.5, 'Pork', '', ''),
(40, 'Loin', 'Chicken Tenderlion', 0, 'kg', 8, 'Chicken', '', ''),
(41, '1PR', 'Pork Ribs 1', 0, 'kg', 9, 'Pork', '', ''),
(42, '1PC', 'Pork Chops 1', 0, 'kg', 7.5, 'Pork', '', ''),
(43, 'PF1', 'Pork Fillet 1', 0, 'kg', 11, 'Pork', '', ''),
(44, 'PH2', 'Hock', 0, 'kg', 5, 'Pork', '', ''),
(45, '1PSB', 'Pork Soft Bone 1', 0, 'kg', 6.5, 'Pork', '', ''),
(46, 'PFAT', 'Pork Fat', 0, 'kg', 1, 'Pork', '', ''),
(48, 'QU', 'Quail', 0, 'kg', 14.2, 'Others', '', ''),
(49, 'JE', 'Jelly', 0, 'kg', 3.5, 'Others', '', ''),
(50, 'D15', 'Duck 15#', 0, 'kg', 0, 'Duck', '', ''),
(51, 'D16', 'Duck 16#', 0, 'kg', 0, 'Duck', '', ''),
(52, 'D18', 'Duck 18#', 0, 'kg', 0, 'Duck', '', ''),
(53, 'DB', 'Duck Bone', 0, 'kg', 0, 'Duck', '', ''),
(54, 'DS', 'Duck Skin', 0, 'kg', 0, 'Duck', '', ''),
(55, 'on B/F', 'Breast Fillet on', 0, 'kg', 7.8, 'Chicken', '', ''),
(58, 'CDS', 'Chicken Drumstick', 0, 'kg', 3, 'Chicken', '', ''),
(59, 'CF', 'Chicken Fillet', 0, 'kg', 7.8, 'Chicken', '', ''),
(149, 'R4', 'Beef rump 4', 100000000000, 'kg', 7.8, 'Beef', '', ''),
(61, '1MF on', 'Maryland on 1', 0, 'kg', 4.8, 'Chicken', '', ''),
(62, 'W', 'Chicken Wings', 0, 'kg', 2, 'Chicken', '', ''),
(63, 'CWD', 'Wing Drummetts', 0, 'kg', 3, 'Chicken', '', ''),
(64, 'CWM', 'Wing Middle', 0, 'kg', 3, 'Chicken', '', ''),
(65, 'C13', 'Chicken 13', 0, 'kg', 7, 'Chicken', '', ''),
(66, 'C12', 'Chicken 12', 0, 'kg', 7, 'Chicken', '', ''),
(67, 'C11', 'Chicken 11', 0, 'kg', 6, 'Chicken', '', ''),
(68, 'C28', 'Chicken 28', 0, 'kg', 12.4, 'Chicken', '', ''),
(69, 'PIGS CHIZT', 'Pigs Intestines', 0, 'kg', 0, 'Stock', '', ''),
(70, 'PIGS MAWS', 'PIGS Maws', 16, 'kg', 0, 'Stock', '', ''),
(71, 'BEEF BIBKE', 'Beef Bibke', 0, 'kg', 0, 'Stock', '', ''),
(72, 'BEEF TENDO', 'BEEF TENDO', 0, 'kg', 0, 'Stock', '', ''),
(73, 'GOAT', 'Goat', 0, 'kg', 0, 'Stock', '', ''),
(74, 'FULL BREAS', 'Full Breast', 0, 'kg', 0, 'Stock', '', ''),
(75, 'BEEF BODY', 'Beef Body', 0, 'kg', 0, 'Stock', '', ''),
(76, 'LAMB SQUAR', 'Lamb Square', 0, 'kg', 0, 'Stock', '', ''),
(77, 'LAMB LEG ', 'Lamb Leg', 0, 'kg', 0, 'Stock', '', ''),
(78, 'PORK FILLE', 'Pork Fillet', 0, 'kg', 0, 'Stock', '', ''),
(79, 'BOILER DUC', 'Boiler Duck', 0, 'kg', 0, 'Stock', '', ''),
(80, 'SPATCHCOCK', 'Spatchcock', 0, 'kg', 0, 'Stock', '', ''),
(81, 'SILKY CHIC', 'Silky Chicken', 0, 'kg', 0, 'Stock', '', ''),
(82, 'FZN DUCK', 'FZN DUCK', 0, 'kg', 0, 'Stock', '', ''),
(83, 'GIBLETS', 'Duck Giblets', 0, 'kg', 0, 'Stock', '', ''),
(84, 'PIROVIC EG', 'PIROVIC EG', 0, 'kg', 0, 'Stock', '', ''),
(85, 'YG GF TOSC', 'YG GF TOSC', 0, 'kg', 0, 'Stock', '', ''),
(86, 'CHUCKRON', 'CHUCKRON', 0, 'kg', 0, 'Stock', '', ''),
(87, 'KNK', 'KNK', 0, 'kg', 0, 'Stock', '', ''),
(88, 'PR RHP', 'PR RHP', 0, 'kg', 0, 'Stock', '', ''),
(89, 'ANGUS INSI', 'ANGUS INSI', 0, 'kg', 0, 'Stock', '', ''),
(90, 'CHILLED BE', 'CHILLED BE', 0, 'kg', 0, 'Stock', '', ''),
(91, 'CHILLED VE', 'CHILLED VE', 0, 'kg', 0, 'Stock', '', ''),
(92, 'FRESH CEAL', 'FRESH CEAL', 0, 'kg', 0, 'Stock', '', ''),
(95, 'CBone', 'Chicken Bone', 66, 'Tubs', 0, 'Chicken', '', ''),
(96, '1C/M', 'Chicken Mince', 0, 'kg', 5.6, 'Chicken', '', ''),
(97, 'T', 'Chicken Thigh', 0, 'kg', 6.8, 'Chicken', '', ''),
(98, '1B/M', 'Beef Mince 1', 0, 'kg', 4.5, 'Beef', '', ''),
(99, '1P/M', 'Pork Mince 1', 0, 'kg', 5.5, 'Pork', '', ''),
(100, 'R2', 'Beef Rump 2', 999, 'kg', 7.9, 'Beef', '', ''),
(101, '2B/M', 'Beef Mince  2', 999, 'kg', 4.7, 'Beef', '', ''),
(102, '3B/M', 'Beef Mince  3', 999, 'kg', 5, 'Beef', '', ''),
(103, '2BTS', 'Beef Topside 2', 999, 'kg', 8.3, 'Beef', '', ''),
(104, '2BDiced', 'Beef Diced 2', 999, 'kg', 6.7, 'Beef', '', ''),
(105, '2BTB', 'Beef T/Bone 2', 999, 'kg', 14, 'Beef', '', ''),
(106, '1ML', 'Chicken Maryland 2', 999, 'kg', 3.4, 'Chicken', '', ''),
(107, '2MF on', 'Chicken Maryland on 2', 999, 'kg', 5.5, 'Chicken', '', ''),
(108, '1CMF off ', 'Chicken Maryland off 1', 999, 'kg', 5.5, 'Chicken', '', ''),
(109, '2CMF off ', 'Chicken Maryland off 2', 999, 'kg', 6.5, 'Chicken', '', ''),
(110, 'LS2', 'Lamb Shank 2', 999, 'kg', 8, 'Lamb', '', ''),
(111, '2L/F', 'Lamb Fillet 2', 999, 'kg', 16.5, 'Lamb', '', ''),
(112, '2C/M ', 'Chicken Mince 2', 999, 'kg', 6.2, 'Chicken', '', ''),
(120, '1PL', 'Pork Loin 1', 999, 'kg', 8.5, 'Pork', '', ''),
(113, 'Beef', 'Beef Slice', 999, 'kg', 8.3, 'Beef', '', ''),
(114, '2PSB', 'Pork Soft None 2', 999, 'kg', 6.7, 'Pork', '', ''),
(115, 'PF2', 'Pork Fillet 2', 999, 'kg', 11.5, 'Pork', '', ''),
(116, '2PC', 'Pork Chops 2', 999, 'kg', 7.8, 'Pork', '', ''),
(117, 'PH2', 'Pork Hock', 999, 'kg', 6, 'Pork', '', ''),
(118, '2P/M', 'Pork Mince 2', 999, 'kg', 6, 'Pork', '', ''),
(119, 'Belly', 'Pork Belly', 999, 'kg', 8, 'Pork', '', ''),
(121, '2PL', 'Pork Loin 2', 999, 'kg', 9, 'Pork', '', ''),
(122, 'CSB', 'Chicken Soft Bone', 999, 'kg', 5, 'Chicken', '', ''),
(123, 'CFeet', 'Chicken Feet', 999, 'kg', 1.5, 'Chicken', '', ''),
(124, '2CFeet', 'Chicken Feet 2', 999, 'kg', 1.8, 'Chicken', '', ''),
(125, '3CMon', 'Chicken Maryland on 3', 999, 'kg', 5, 'Chicken', '', ''),
(126, 'offCTF', 'Chicken Thigh Fillet off', 999, 'kg', 7, 'Chicken', '', ''),
(127, 'on CTF', 'Chicken Thigh Fillet on', 999, 'kg', 6.2, 'Chicken', '', ''),
(128, 'offB/F', 'Chicken Breast Fillet off', 999, 'kg', 8, 'Chicken', '', ''),
(129, 'PBS', 'Pork Belly Slice', 999, 'kg', 8.5, 'Pork', '', ''),
(130, 'CS', 'Spatchcock', 9999, 'each', 4.6, 'Chicken', '', ''),
(131, '1PN', 'Pork Neck', 999, 'kg', 8, 'Pork', '', ''),
(132, '2PN', 'Pork Neck 2', 999, 'kg', 8.5, 'Pork', '', ''),
(133, 'C24', 'Chicken 24', 999, 'each', 9.3, 'Chicken', '', ''),
(137, '2PR', 'Pork Ribs 2', 9999, 'kg', 10, 'Pork', '', ''),
(136, 'PAR', 'American Ribs', 999, 'kg', 12, 'Pork', '', ''),
(138, 'V', 'Veal', 999, 'kg', 11.5, 'Beef', '', ''),
(139, 'BS', 'Scotch Fillet', 999, 'kg', 16, 'Beef', '', ''),
(140, 'SC', 'Steamer Chicken box', 999, 'box', 31.5, 'Chicken', '', ''),
(141, 'SC each', 'Steamer Chicken ', 999, 'each', 2.8, 'Chicken', '', ''),
(142, '2CF', 'Chicken Fillet 2', 99999, 'kg', 6, 'Chicken', '', ''),
(143, 'R3', 'Beef rump 3', 99999, 'kg', 8.2, 'Beef', '', ''),
(144, 'Lamb', 'Lamb', 999999, 'kg', 12.4, 'Lamb', '', ''),
(145, 'LF3', 'Lamb Fillet 3', 10000000, 'kg', 19.5, 'Lamb', '', ''),
(146, '4CML', 'Chicken Maryland off 4', 10000000, 'kg', 6.3, 'Chicken', '', ''),
(147, '2CW', 'Chicken Wing 2', 10000000, 'kg', 1.5, 'Chicken', '', ''),
(148, '2ML', 'Chicken Maryland 2', 999999, 'kg', 3.4, 'Chicken', '', ''),
(150, '3CF', 'Chicken Fillet 3', 10000000, 'kg', 5.6, 'Chicken', '', ''),
(151, '3CM', 'Chicken Mince 3', 99999, 'kg', 5.3, 'Chicken', '', ''),
(152, 'Test Prope', 'test', 123, 'kg', 100, 'Other', NULL, NULL);

-- --------------------------------------------------------

--
-- 表的结构 `profit`
--

CREATE TABLE IF NOT EXISTS `profit` (
  `PaymentId` int(10) NOT NULL AUTO_INCREMENT,
  `Date` date NOT NULL,
  `CompanyName` varchar(20) CHARACTER SET utf8 NOT NULL,
  `Credit` float(8,2) NOT NULL,
  `PayMethod` varchar(10) NOT NULL,
  PRIMARY KEY (`PaymentId`)
) ENGINE=MyISAM  DEFAULT CHARSET=latin1 AUTO_INCREMENT=17 ;

--
-- 转存表中的数据 `profit`
--

INSERT INTO `profit` (`PaymentId`, `Date`, `CompanyName`, `Credit`, `PayMethod`) VALUES
(1, '2011-04-27', '253', 44.00, '253'),
(2, '2011-04-28', '76', 200.00, 'Cheque'),
(3, '2011-06-20', '10', 23.00, 'Cash'),
(4, '2011-06-20', 'Retail', 23.00, 'Cash'),
(5, '2011-06-20', '253', 23.00, 'Cash'),
(6, '2011-06-20', '253', 22.00, 'Cheque'),
(7, '2011-06-21', '253', 200.00, 'Cash'),
(8, '2011-06-23', '13', 3.00, 'Cash'),
(9, '2011-06-23', '13', 2.00, 'Cash'),
(10, '2012-01-17', ' 6/60', 50.00, 'Cash'),
(11, '2012-01-17', 'Retail', 888.00, 'Cash'),
(12, '2013-01-06', '105', 44.00, 'Cash'),
(13, '2013-01-06', 'Retail', 6000.00, 'Cash'),
(14, '2013-01-06', ' 6/60', 50.00, 'Cash'),
(15, '2013-01-06', ' 6/60', 43.00, 'Cash'),
(16, '2013-01-06', 'Retail', 66.00, 'Cash');

/*!40101 SET CHARACTER_SET_CLIENT=@OLD_CHARACTER_SET_CLIENT */;
/*!40101 SET CHARACTER_SET_RESULTS=@OLD_CHARACTER_SET_RESULTS */;
/*!40101 SET COLLATION_CONNECTION=@OLD_COLLATION_CONNECTION */;
