-- phpMyAdmin SQL Dump
-- version 3.3.9
-- http://www.phpmyadmin.net
--
-- Host: localhost
-- Generation Time: Jan 21, 2013 at 07:17 AM
-- Server version: 5.5.8
-- PHP Version: 5.3.5

SET SQL_MODE="NO_AUTO_VALUE_ON_ZERO";


/*!40101 SET @OLD_CHARACTER_SET_CLIENT=@@CHARACTER_SET_CLIENT */;
/*!40101 SET @OLD_CHARACTER_SET_RESULTS=@@CHARACTER_SET_RESULTS */;
/*!40101 SET @OLD_COLLATION_CONNECTION=@@COLLATION_CONNECTION */;
/*!40101 SET NAMES utf8 */;

--
-- Database: `meat_factory`
--

-- --------------------------------------------------------

--
-- Table structure for table `companyname`
--

CREATE TABLE IF NOT EXISTS `companyname` (
  `AccountID` int(10) NOT NULL AUTO_INCREMENT,
  `CompanyName` varchar(30) CHARACTER SET utf8 NOT NULL,
  `Description` varchar(50) CHARACTER SET utf8 NOT NULL,
  `Balance` float(8,2) NOT NULL,
  `Date` datetime NOT NULL,
  `Comment` varchar(200) DEFAULT NULL,
  PRIMARY KEY (`AccountID`)
) ENGINE=MyISAM  DEFAULT CHARSET=latin1 AUTO_INCREMENT=689 ;

--
-- Dumping data for table `companyname`
--

INSERT INTO `companyname` (`AccountID`, `CompanyName`, `Description`, `Balance`, `Date`, `Comment`) VALUES
(49, 'Kuk', '', 42.50, '2010-07-01 00:00:00', ''),
(50, '5 Noodle Bar', '', 255.40, '2010-07-01 00:00:00', ''),
(51, 'Baan Bua', '', 0.00, '2010-07-01 00:00:00', ''),
(144, '395C', '', 0.00, '2010-07-01 00:00:00', ''),
(155, '78', '', 394.80, '2010-07-01 00:00:00', ''),
(166, '60-62', '', 361.90, '2010-07-01 00:00:00', ''),
(177, '208', '', 41.00, '2010-07-01 00:00:00', ''),
(188, 'Seaforth', '', 0.00, '2010-07-01 00:00:00', ''),
(199, '1/43 Blaxland', '', 91.60, '2010-07-01 00:00:00', ''),
(210, '574', '', 465.00, '2010-07-01 00:00:00', ''),
(221, '684 Ranang', '', 0.00, '2010-07-01 00:00:00', ''),
(232, 'Tong', '', 0.00, '2010-07-01 00:00:00', ''),
(243, '3/54 To go', '', 0.00, '2010-07-01 00:00:00', ''),
(254, 'Curl Curl', '', 0.00, '2010-07-01 00:00:00', ''),
(265, 'Qian Cao', '', 0.00, '2010-07-01 00:00:00', ''),
(276, 'siam', '', 0.00, '2010-07-01 00:00:00', ''),
(287, '15', '', 178.55, '2010-07-01 00:00:00', ''),
(298, '166-174 Sam', '', 227.05, '2010-07-01 00:00:00', ''),
(309, '3/107', '', 374.00, '2010-07-01 00:00:00', ''),
(320, '1354', '', 824.50, '2010-07-01 00:00:00', ''),
(331, ' 6/60', '', 23361.50, '2010-07-01 00:00:00', ''),
(342, 'm. m', '', 133.90, '2010-07-01 00:00:00', ''),
(353, '395', '', 0.00, '2010-07-01 00:00:00', ''),
(364, '29', '', 0.00, '2010-07-01 00:00:00', ''),
(375, 'Satang Thai', '', 240.00, '2010-07-01 00:00:00', ''),
(386, '1425', '', 1205.15, '2010-07-01 00:00:00', ''),
(397, '249', '', 677.86, '2010-07-01 00:00:00', ''),
(408, '193', '', 0.00, '2010-07-01 00:00:00', ''),
(419, '26', '', 0.00, '2010-07-01 00:00:00', ''),
(430, 'star', '', 0.00, '2010-07-01 00:00:00', ''),
(441, 'Singha', '', 0.00, '2010-07-01 00:00:00', ''),
(452, 'Intra ', '', 0.00, '2010-07-01 00:00:00', ''),
(463, 'Coco Rice', '', 0.00, '2010-07-01 00:00:00', ''),
(474, 'mon 123 little', '', 0.00, '2010-07-01 00:00:00', ''),
(485, '79', '', 0.00, '2010-07-01 00:00:00', ''),
(496, 'Thai Riffic Noodle Bar 1', '', 0.00, '2010-07-01 00:00:00', ''),
(507, 'Intra Thai', '', 664.65, '2010-07-01 00:00:00', ''),
(518, 'Big John', '', 0.00, '2010-07-01 00:00:00', ''),
(529, '253', '', 17127.00, '2010-07-01 00:00:00', ''),
(540, 'PEPE S DUCKS PTY LTD', '', 0.00, '2010-07-01 00:00:00', ''),
(551, 'PIROVIC ENTERPRISES PTY LTD', '', 0.00, '2010-07-01 00:00:00', ''),
(562, 'BEEF PRODUCERS AUSTRALIA PTY ', '', 0.00, '2010-07-01 00:00:00', ''),
(573, 'CORAL PARK PASTORAL MEAT TRAD', '', 0.00, '2010-07-01 00:00:00', ''),
(584, 'D.R. JOHNSTON GROUP (SYDNEY) ', '', 0.00, '2010-07-01 00:00:00', ''),
(585, 'MIDFIELD TRADING PTY LTD(NSW)', '', 0.00, '2010-07-01 00:00:00', ''),
(586, '98 seat', '', 0.00, '2010-07-01 00:00:00', ''),
(587, 'Thai Riffic 2 Randwick', '', 0.00, '2010-07-01 00:00:00', ''),
(588, 'Manjits', '', 0.00, '2010-07-01 00:00:00', ''),
(589, '324', '', 606.50, '2010-07-01 00:00:00', ''),
(590, '76', '', 16.50, '2010-07-01 00:00:00', ''),
(591, '105', '', -44.00, '2010-07-01 00:00:00', ''),
(592, '1/125 Metang', '', 335.00, '2010-07-01 00:00:00', ''),
(593, '337', '', 533.40, '2010-07-01 00:00:00', ''),
(594, '27 Home ', '', 307.74, '2010-07-01 00:00:00', ''),
(595, 'Papaya', '', 400.00, '2010-07-01 00:00:00', ''),
(596, '768', '', 0.00, '2010-07-01 00:00:00', ''),
(597, '193 Thai On Work', '', 1009.40, '2010-07-01 00:00:00', ''),
(598, 'Satang', '', 382.50, '2010-07-01 00:00:00', ''),
(599, 'Platform Thai', '', 321.24, '2010-07-01 00:00:00', ''),
(600, 'Siam Kingdom', '', 0.00, '2010-07-01 00:00:00', ''),
(601, 'Banyan', '', 0.00, '2010-07-01 00:00:00', ''),
(602, 'Dlish', '', 0.00, '2010-07-01 00:00:00', ''),
(603, 'I Thai 1', '', 0.00, '2010-07-01 00:00:00', ''),
(604, '2-135 Wok Station', '', 391.60, '2010-07-01 00:00:00', ''),
(605, '43', '', 0.00, '2010-07-01 00:00:00', ''),
(606, 'Coconut ', '', 0.00, '2010-07-01 00:00:00', ''),
(607, 'Sweet Basil', '', 0.00, '2010-07-01 00:00:00', ''),
(608, 'Lasha Baba', '', 0.00, '2010-07-01 00:00:00', ''),
(609, '210 Kish&Kish', '', 0.00, '2010-07-01 00:00:00', ''),
(610, '212 Monza', '', 0.00, '2010-07-01 00:00:00', ''),
(611, '40 Thai Thai', '', 0.00, '2010-07-01 00:00:00', ''),
(612, '1431', '', 252.00, '2010-07-01 00:00:00', ''),
(613, 'Chat Chai', '', 0.00, '2010-07-01 00:00:00', ''),
(614, '2/157 Monkey', '', 160.80, '2010-07-01 00:00:00', ''),
(615, 'Pad Thai Chicken', '', 0.00, '2010-07-01 00:00:00', ''),
(616, 'Square Catering', '', 0.00, '2010-07-01 00:00:00', ''),
(617, 'Ryde Ivory', '', 0.00, '2010-07-01 00:00:00', ''),
(618, '47', '', 0.00, '2010-07-01 00:00:00', ''),
(619, 'Jay', '', 322.90, '2010-07-01 00:00:00', ''),
(620, '227', '', 0.00, '2010-07-01 00:00:00', ''),
(621, '46', '', 0.00, '2010-07-01 00:00:00', ''),
(622, 'Thai Power1', '', 0.00, '2010-07-01 00:00:00', ''),
(623, '17 Angle', '', 439.96, '2010-07-01 00:00:00', ''),
(624, 'Somnuk', '', 209.75, '2010-07-01 00:00:00', ''),
(625, '315A Bhaji ', '', 375.00, '2010-07-01 00:00:00', ''),
(626, '1115', '', 259.00, '2010-07-01 00:00:00', ''),
(627, '3/270 Bobbin Thai', '', 0.00, '2010-07-01 00:00:00', ''),
(628, 'New Shanghai', '', 0.00, '2010-07-01 00:00:00', ''),
(629, '26A', '', 0.00, '2010-07-01 00:00:00', ''),
(630, 'Little Thai', '', 0.00, '2010-07-01 00:00:00', ''),
(631, '541 Kallin Lime', '', 0.00, '2010-07-01 00:00:00', ''),
(632, '19 Sticky Rice ', '', 0.00, '2010-07-01 00:00:00', ''),
(633, 'Sticky Rice Edgworth', '', 0.00, '2010-07-01 00:00:00', ''),
(634, 'The Grain Thai ', '', 0.00, '2010-07-01 00:00:00', ''),
(635, 'ET Family', '', 0.00, '2010-07-01 00:00:00', ''),
(636, 'China Doll Accessoories', '', 0.00, '2010-07-01 00:00:00', ''),
(637, '1/3', '', 44.00, '2010-07-01 00:00:00', ''),
(638, '382', '', 155.20, '2010-07-01 00:00:00', ''),
(639, 'no.1', '', 22.50, '2010-07-01 00:00:00', ''),
(640, 'Power 2', '', 1076.50, '2010-07-01 00:00:00', ''),
(641, 'Jolly 158', '', 0.00, '2010-07-01 00:00:00', ''),
(642, '18 Anong', '', 0.00, '2010-07-01 00:00:00', ''),
(643, 'Rice Chilli', '', 0.00, '2010-07-01 00:00:00', ''),
(644, 'Chang', '', 0.00, '2010-07-01 00:00:00', ''),
(645, '51 Vi Ses', '', 0.00, '2010-07-01 00:00:00', ''),
(646, '335', '', 0.00, '2010-07-01 00:00:00', ''),
(647, 'Hepworths', '', 0.00, '2010-07-01 00:00:00', ''),
(648, 'New Shanghai 1', '', 0.00, '2010-07-01 00:00:00', ''),
(649, 'New Shanghai 2', '', 0.00, '2010-07-01 00:00:00', ''),
(651, 'New Shanghai 3', '', 0.00, '2010-07-01 00:00:00', ''),
(652, 'Thai Riffic Center Point', '', 892.86, '2010-07-01 00:00:00', ''),
(653, '146 ', '', 0.00, '2010-07-01 00:00:00', ''),
(654, '299', '', 836.20, '2010-07-01 00:00:00', ''),
(655, 'Nina', '', 0.00, '2010-07-01 00:00:00', ''),
(656, 'wwwww', '', 0.00, '2010-07-01 00:00:00', ''),
(657, 'tttttttttttt', '', 0.00, '2010-07-01 00:00:00', ''),
(658, 'All', '', 0.00, '2010-07-01 00:00:00', ''),
(659, 'eeeeeee', 'eeeeeee', 0.00, '2011-07-13 13:40:02', ''),
(660, 'ETS', '', 0.00, '2011-07-19 15:22:26', NULL),
(661, '146 Bangkok Bar', 'Bankgkok Bar', 0.00, '2011-07-19 20:44:18', NULL),
(662, 'The Imperial', 'The Imperial', 0.00, '2011-07-19 20:47:02', NULL),
(663, 'Yummi', 'Yummi Thai Food', 164.00, '2011-07-19 20:50:19', NULL),
(664, 'Noodlebar', 'Noodnoodlebar', 283.80, '2011-07-19 20:52:01', NULL),
(665, 'Shing Fat', 'Shing Fat', 0.00, '2011-07-19 20:53:09', NULL),
(666, 'Shin Sei Ki', 'Shin Sei Ki Pty Ltd', 1663.54, '2011-07-20 08:27:10', NULL),
(667, 'Buthcer Shop', 'Buthcer Shop', 90.00, '2011-07-20 09:12:05', NULL),
(668, 'Lunch Special ', 'Lunch Special ', 0.00, '2011-07-20 15:26:44', NULL),
(669, '512 Time', 'Time for Thai 1', 0.00, '2011-07-20 16:40:10', NULL),
(670, '21 Time', 'Time for Thai 2', 0.00, '2011-07-20 16:41:19', NULL),
(671, '70 Lemonglass', 'Thai Lemonglass', 0.00, '2011-07-20 17:19:23', NULL),
(672, '10 Big Chef', 'Big Chef Thai', 0.00, '2011-07-20 17:21:00', NULL),
(673, 'J T', 'J&T Thai', 0.00, '2011-07-20 17:24:35', NULL),
(674, 'KL', 'KL Kitchen', 0.00, '2011-07-20 17:26:45', NULL),
(675, '223 Red Coco', 'Red Coco Thai', 0.00, '2011-07-20 17:29:01', NULL),
(676, '4/51 Two seats', 'Two Seats', 0.00, '2011-07-20 17:37:37', NULL),
(677, '87 yong', 'Thai yong', 0.00, '2011-07-20 17:46:14', NULL),
(678, '1/1 Cielo', 'Cielo Cafe', 0.00, '2011-07-20 17:55:07', ''),
(679, '7 Sushi', 'Sushi Fashion', 0.00, '2011-07-20 17:56:35', NULL),
(680, '332 ChangTon', 'Chang Ton Thai', 0.00, '2011-07-20 18:01:33', NULL),
(681, 'C M', ' Tasty Thai', 0.00, '2011-07-20 18:08:51', NULL),
(682, '79 Thai', 'Thai Eatery', 0.00, '2011-07-20 18:31:05', NULL),
(683, '557 Cinnamon', 'Cinnamon', 0.00, '2011-07-20 18:39:49', NULL),
(684, '121 Seeda', 'Seeda Thai', 8.50, '2011-07-20 18:41:26', NULL),
(685, '462/40 Chilli', 'Chilli Cha Cha', 0.00, '2011-07-20 18:43:04', NULL),
(686, '171 Glebe', 'Sumalee Thai', 0.00, '2011-07-20 18:48:45', NULL),
(687, '666Blue', 'Bluewok', 0.00, '2011-07-20 20:22:28', NULL),
(688, 'Ryde', 'Ivory', 277.54, '2011-07-21 09:13:18', NULL);

-- --------------------------------------------------------

--
-- Table structure for table `customer`
--

CREATE TABLE IF NOT EXISTS `customer` (
  `CustomerID` int(6) NOT NULL AUTO_INCREMENT,
  `CompanyName` varchar(50) CHARACTER SET utf8 NOT NULL,
  `ContactName` varchar(50) CHARACTER SET utf8 NOT NULL,
  `CustomerType` varchar(10) CHARACTER SET utf8 NOT NULL,
  `Address1` varchar(100) CHARACTER SET utf8 NOT NULL,
  `Address2` varchar(100) CHARACTER SET utf8 NOT NULL,
  `Suburb1` varchar(50) CHARACTER SET utf8 NOT NULL,
  `Suburb2` varchar(15) CHARACTER SET utf8 NOT NULL,
  `City1` varchar(20) CHARACTER SET utf8 NOT NULL,
  `City2` varchar(20) CHARACTER SET utf8 NOT NULL,
  `State1` varchar(30) CHARACTER SET utf8 NOT NULL,
  `State2` varchar(30) CHARACTER SET utf8 NOT NULL,
  `Country1` varchar(30) CHARACTER SET utf8 NOT NULL,
  `Country2` varchar(30) CHARACTER SET utf8 NOT NULL,
  `Postcode1` varchar(10) CHARACTER SET utf8 NOT NULL,
  `Postcode2` varchar(10) CHARACTER SET utf8 NOT NULL,
  `Telephone` varchar(30) CHARACTER SET utf8 NOT NULL,
  `Fax` varchar(20) CHARACTER SET utf8 NOT NULL,
  `Mobile` varchar(30) CHARACTER SET utf8 NOT NULL,
  `Email` varchar(40) CHARACTER SET utf8 NOT NULL,
  `Area` varchar(100) CHARACTER SET utf8 DEFAULT NULL,
  `StartDate` datetime NOT NULL,
  PRIMARY KEY (`CustomerID`),
  UNIQUE KEY `CompanyName` (`CompanyName`),
  UNIQUE KEY `CompanyName_2` (`CompanyName`),
  UNIQUE KEY `CompanyName_3` (`CompanyName`)
) ENGINE=MyISAM  DEFAULT CHARSET=latin1 AUTO_INCREMENT=1031 ;

--
-- Dumping data for table `customer`
--

INSERT INTO `customer` (`CustomerID`, `CompanyName`, `ContactName`, `CustomerType`, `Address1`, `Address2`, `Suburb1`, `Suburb2`, `City1`, `City2`, `State1`, `State2`, `Country1`, `Country2`, `Postcode1`, `Postcode2`, `Telephone`, `Fax`, `Mobile`, `Email`, `Area`, `StartDate`) VALUES
(58, 'MARIOS QUALITY QUAILS', '', 'Supplier', '75 ROBINSON ROAD BRINGELLY Nsw 2556', '', 'bringelly', '', '', '', '', '', '', '', '', '', '(02) 4774 8292', '(02) 4655 9989', '0414 788 881', '', 'Area1', '2011-05-06 00:00:00'),
(57, 'B.E. Campbell (NSW) Pty Ltd', '', 'Supplier', '144 NEWTON ROAD, WETHERILL PARK NSW 2164 SYDNEY AUSTRALIA P.O.BOX 7042,WETHERILL PARK NSW 2164', '', 'wetherill park', '', '', '', '', '', '', '', '', '', '(02) 9725 2233', '(02) 9756 1336', '', '', '', '2011-05-06 00:00:00'),
(56, 'EMPIRE MEAT WHOLESALERS PTY.LTD', '', 'Supplier', 'SYDNEY MEAT CENTRE, UNIT 5E,1-21 MADELINE STREET, STRATHFIELD SOUTH NEW 2136', 'P.O.BOX 55, STRATHFIELD SOUTH NEW 2136', 'Strathfield sou', '', '', '', '', '', '', '', '', '', '(02) 9642 8488', '(02) 9643 5796', '', '', '', '2011-05-06 00:00:00'),
(55, 'BAIADA POULTRY PTY LIMITED', '', 'Supplier', 'P.O Box 21 Pendle Hill NSW 2145', '', 'Pendle Hill', '', '', '', '', '', '', '', '', '', '(02) 9842 1000 (Admi', '(02) 9688 4818', '', '', '', '2011-05-06 00:00:00'),
(54, 'PENRICH POULTRY PTY LTD', '', 'Supplier', 'P.O Box 155 EME PLAINS NSW 2750', '', '', '', '', '', '', '', '', '', '', '', '(02) 9631 6500', '(02) 9631 6499', '', '', '', '2011-05-06 00:00:00'),
(53, 'B&E POULTRY', '', 'Supplier', '3/21 Cooper Street Smithfield NSW 2164', '', 'Smithfield', '', '', '', '', '', '', '', '', '', '(02) 9757 3389', '(02) 9729 1389', '', '', '', '2011-05-06 00:00:00'),
(0, 'All', '', 'All', '', '', 'All', '', '', '', '', '', '', '', '', '', '', '', '', '', '', '2011-04-19 00:00:00'),
(52, 'DEPIRA FOOD DISTRIBUTORS (DFD)', '', 'Supplier', '184 Parramatta Road, Auburn NSW 2144', '', 'Auburn', '', '', '', '', '', '', '', '', '', '(02) 9748 8898', '(02) 9748 8886', '0418164322/ 04172683', '', '', '2011-05-06 00:00:00'),
(48, 'Kuk', 'Kuk Thai', 'Client', '144 Queen Street', '', 'WOLLAHRA', '', '', '', 'NSW', '', '', '', '2025', '', '93271199', '', '0415784999', '', 'Area3', '2011-04-19 00:00:00'),
(47, '5 Noodle Bar', 'Thai Riffic Noodle Bar', 'Client', 'L5, Caf   Court', '', 'WESTFIELD BONDI', '', '', '', 'NSW', '', '', '', '2022', '', '93878955', '', '', '', 'Area3', '2011-04-19 00:00:00'),
(46, 'Baan Bua', 'Baan Bua Thai Restaurant', 'Client', 'Shop A5/4 Central Ave', '', 'THORNLEIGH', '', '', '', 'NSW', '', '', '', '2120', '', '98754789', '', '', '', 'Area1', '2011-04-19 00:00:00'),
(42, '395C', 'Style Dish', 'Client', '395 Crown Street', '', 'SURRY HILLS', '', '', '', 'NSW', '', '', '', '2010', '', '93310859', '93324883', '', '', 'Area1', '2011-04-19 00:00:00'),
(41, '78', 'Tansala Thai', 'Client', '78 Devonshire Street', '', 'SURRY HILLS', '', '', '', 'NSW', '', '', '', '2010', '', '92127198', '', '', '', 'Area1', '2011-04-19 00:00:00'),
(40, '60-62', 'Tasty Thai', 'Client', '60-62 Foveaux Street', '', 'SURRY HILLS', '', '', '', 'NSW', '', '', '', '2010', '', '92810092', '', '', '', 'Area1', '2011-04-19 00:00:00'),
(39, '208', 'Devonshire Thai', 'Client', '208 Devonshire Street', '', 'SURRY HILLS', '', '', '', 'NSW', '', '', '', '2010', '', '93190699', '', '', '', 'Area1', '2011-04-19 00:00:00'),
(38, 'Seaforth', 'Take A Seat', 'Client', '1/533 Sydney Road', '', 'Seaforth', '', '', '', 'NSW', '', '', '', '2092', '', '99491682', '', '', '', 'Area1', '2011-04-19 00:00:00'),
(37, '1/43 Blaxland', 'Arawah Thai', 'Client', 'Shop 2-3, 43 Blaxland Road', '', 'RYDE', '', '', '', 'NSW', '', '', '', '2112', '', '98071822', '', '', '', 'Area1', '2011-04-19 00:00:00'),
(36, '574', 'Larn Thong Thai Restaurant', 'Client', '574 Darling Street', '', 'ROZELLE', '', '', '', 'NSW', '', '', '', '2039', '', '98105069', '', '', '', 'Area2', '2011-04-19 00:00:00'),
(35, '684 Ranang', 'Ranang Thai Kitchen', 'Client', '684 Darling Street', '', 'ROZELLE', '', '', '', 'NSW', '', '', '', '2039', '', '98101544', '', '', '', 'Area2', '2011-04-19 00:00:00'),
(34, 'Tong', 'Tung Tong Roong Thai', 'Client', '1A Hill Crest Road', '', 'PENNANT HILLS', '', '', '', 'NSW', '', '', '', '2120', '', '99807585', '', '', '', 'Area4', '2011-04-19 00:00:00'),
(33, '3/54 To go', 'Thai to Go', 'Client', 'Shop 3, 54 Garden Street', '', 'NORTH NARRABEEN', '', '', '', 'NSW', '', '', '', '2101', '', '99139211', '', '', '', 'Area4', '2011-04-19 00:00:00'),
(32, 'Curl Curl', 'Chilli Spot ', 'Client', '6A/150 Pitt Road', '', 'NORTH CURL CURL', '', '', '', 'NSW', '', '', '', '2099', '', '99057579', '', '', '', 'Area2', '2011-04-19 00:00:00'),
(29, 'Qian Cao', 'Asakusa (Qian Cao)', 'Client', '119 King Street', '', 'NEWTOWN', '', '', '', 'NSW', '', '', '', '2042', '', '95198530', '', '', '', 'Area1', '2011-04-19 00:00:00'),
(1024, '79 Thai', 'Thai Eatery', 'Client', '79 Military rd', '', 'Neutral Bay', '', '', '', 'NSW', '', '', '', '', '', '99092011', '99041171', '', '', 'Area4', '2011-07-20 18:31:05'),
(27, '15 ', 'Ta Ta Thai', 'Client', '15 Hayes Street', '', 'NEUTRAL BAY', '', '', '', 'NSW', '', '', '', '2089', '', '403061693', '', '', '', 'Area4', '2011-04-19 00:00:00'),
(26, '166-174 Sam', 'Sams Thai', 'Client', '166-174 Military Road', '', 'NEUTRAL BAY', '', '', '', 'NSW', '', '', '', '2089', '', '99041668', '', '', '', 'Area4', '2011-04-19 00:00:00'),
(25, '3/107', 'Noodle Head Thai Kitchen', 'Client', 'shop 3/107 Alfred Street', '', 'NARRAWEENA', '', '', '', 'NSW', '', '', '', '2099', '', '99821688', '', '', '', 'Area1', '2011-04-19 00:00:00'),
(24, '1354', 'Chilli Club', 'Client', '1354 Pittwater Road', '', 'NARRABEEN ', '', '', '', 'NSW', '', '', '', '2101', '', '99132211', '', '', '', 'Area4', '2011-04-19 00:00:00'),
(152, '6/60', ' 555', 'Client', '6/60 Union st', '', 'Pyrmont', '', '', '', 'NSW', '', '', '', '2009', '', '95661211', '222', '111', '', 'Area1', '2011-06-20 20:35:23'),
(22, 'm. m', 'Thai Mosman Restaurant', 'Client', 'Shop 7, 713-715 Military Road', '', 'MOSMAN', '', '', '', 'NSW', '', '', '', '2088', '', '99697922', '', '', '', 'Area4', '2011-04-19 00:00:00'),
(21, '395', 'Thai Delight Cuisine', 'Client', '395 Illawarra Road', '', 'Marrickville', '', '', '', 'NSW', '', '', '', '2204', '', '95580922', '', '', '', 'Area1', '2011-04-19 00:00:00'),
(20, '29', 'Homebush Wok Inn', 'Client', '29 Rochester Street', '', 'HOMEBUSH', '', '', '', 'NSW', '', '', '', '2140', '', '97466199', '', '', '', 'Area3', '2011-04-19 00:00:00'),
(19, 'Satang Thai', 'Satang Thai Take Away', 'Client', '20 Quay Street ', '', 'HAYMARKET', '', '', '', 'NSW', '', '', '', '2000', '', '92800956', '', '', '', 'Area1', '2011-04-19 00:00:00'),
(151, '1425', 'Lake Side Thai', 'Client', '1425 Pittwater rd', '', 'Narrabeen', '', '', '', 'NSW', '', '', '', '2101', '', '99706766', '99706077', '', '', 'Area4', '2011-06-20 20:28:41'),
(17, '249', 'Tom-Yum Tum-Gang Thai Takeway', 'Client', '249 Glebe Point Road', '', 'GLEBE', '', '', '', 'NSW', '', '', '', '2037', '', '80650859', '', '', '', 'Area1', '2011-04-19 00:00:00'),
(14, '26', 'Spanish Tapas', 'Client', '26 Glebe Point Road', '', 'GLEBE', '', '', '', 'NSW', '', '', '', '2037', '', '95719005', '', '', '', 'Area1', '2011-04-19 00:00:00'),
(13, 'star', 'Star of Thailand', 'Client', '156 Victoria Road', '', 'GLADSVILLE', '', '', '', 'NSW', '', '', '', '2111', '', '98172056', '', '', '', 'Area2', '2011-04-19 00:00:00'),
(12, 'Singha', 'Singha Thai', 'Client', '1st Floor, 40-42 Bantry Bay Road', '', 'FRENCH FOREST', '', '', '', 'NSW', '', '', '', '2086', '', '94531287', '', '', '', 'Area4', '2011-04-19 00:00:00'),
(192, 'Intra ', 'Intra Thai', 'Client', '152 Lyons rd', '', 'Drummoyne', '', '', '', 'NSW', '', '', '', '2047', '', '91813259/91813299', '', '', '', 'Area1', '2011-07-02 19:58:01'),
(10, 'Coco Rice', 'Coconut Rice', 'Client', 'Shop G10 Midway Shopping Centre, 117 North Road', '', 'DENISTONE EAST', '', '', '', 'NSW', '', '', '', '2112', '', '98882963', '', '', '', 'Area2', '2011-04-19 00:00:00'),
(9, 'mon 123 little', 'Little Thailand', 'Client', '123 Georges River Road', '', 'CROYDON PARK', '', '', '', 'NSW', '', '', '', '2133', '', '97164888', '', '', '', '', '2011-04-19 00:00:00'),
(8, '79', 'Crow Zone Cafe', 'Client', '79 Willoughby Road', '', 'CROWS NEST', '', '', '', 'NSW', '', '', '', '2065', '', '94397214', '', '', '', 'Area1', '2011-04-19 00:00:00'),
(206, 'Thai Riffic Noodle Bar 1', 'Thai Riffic Noodle Bar', 'Client', 'Level 5, Cafe court,Westfield', '', 'Bondi Junction', '', '', '', 'NSW', '', '', '', '', '', '93878955', '', '', '', 'Area3', '2011-07-02 20:29:13'),
(4, 'Intra Thai', 'Intra Thai Bondi Beach', 'Client', '88-90 Curlewis Street', '', 'BONDI BEACH', '', '', '', 'NSW', '', '', '', '2026', '', '91303342', '', '', '', 'Area3', '2011-04-19 00:00:00'),
(2, 'Big John', 'Big John''s Pizza & Kitchen', 'Client', '199 Bondi Road', '', 'BONDI', '', '', '', 'NSW', '', '', '', '2026', '', '93691233', '', '', '', 'Area3', '2011-04-19 00:00:00'),
(1, '253', 'Thai Fire Fry', 'Client', '253 Bondi Road', '', 'BONDI', '', '', '', 'NSW', '', '', '', '2026', '', '93006600', '', '', '', 'Area3', '2011-04-19 00:00:00'),
(59, 'PEPE S DUCKS PTY LTD', '', 'Supplier', '17 WLKER STREET SOUTH WINDSOR NSW 2756', '', 'south windsor', '', '', '', '', '', '', '', '', '', '(02) 4577 4233', '(02) 4577 4067', '', '', '', '2011-05-06 00:00:00'),
(60, 'PIROVIC ENTERPRISES PTY LTD', '', 'Supplier', '192 SIXTH AVENUE, LLANDILO, NSW 2747', '', 'llandilo', '', '', '', '', '', '', '', '', '', '(02) 4777 4176', '(02) 4777 4871', '', '', '', '2011-05-06 00:00:00'),
(61, 'BEEF PRODUCERS AUSTRALIA PTY LTD', '', 'Supplier', '1-21 MADELINE, SOUTH STRATHFIELD NSW 2136', 'P.O.BOX 266,LIDCOMBE NSW 2141 AUSTRALIA', 'lidcome', '', '', '', '', '', '', '', '', '', '(02) 9642 0355', '(02) 9642 0311', '', '', '', '2011-05-06 00:00:00'),
(62, 'CORAL PARK PASTORAL MEAT TRADING COMPANY', '', 'Supplier', 'SYDNEY MEAT CENTRE, UNIT 5E,1-21 MADELINE STREET, STRATHFIELD SOUTH NEW 2136', 'P.O.BOX 55, STRATHFIELD SOUTH NEW 2136', 'Strathfield sou', '', '', '', '', '', '', '', '', '', '(02) 9742 6044(Sales', '(02) 9742 6755', '', '', '', '2011-05-06 00:00:00'),
(63, 'D.R. JOHNSTON GROUP (SYDNEY) ADIVISION OF JBS AUST', '', 'Supplier', '43 WENTWORTH ST. GREENACRE NSW 2190', 'P.O BOX 228, GREENACRE. 2190', 'greenacre', '', '', '', '', '', '', '', '', '', '(02) 9742 3944', '(02) 9742 3955', '', '', '', '2011-05-06 00:00:00'),
(64, 'MIDFIELD TRADING PTY LTD(NSW)', '', 'Supplier', '247 CORMACK ROAD WINGFIELD SA 5013', '', 'wingfield', '', '', '', '', '', '', '', '', '', '(02) 8746 0644', '(02) 8746 0955', '', '', '', '2011-05-06 00:00:00'),
(127, '98 seat', 'south east asia thai', 'Client', '98 yarrara rd, pennant hills', '', 'pennant hills', '', 'sydney', '', 'NSW', '', '', '', '2120', '', '94849393', '', '', '', 'Area4', '2011-06-20 14:45:21'),
(207, 'Thai Riffic 2 Randwick', 'Thai Riffic Randwick', 'Client', '46 Perouse Road cnr st Pauls st', '', 'Randwick', '', '', '', 'NSW', '', '', '', '', '', '93265544', '', '', '', 'Area3', '2011-07-02 20:30:38'),
(128, 'Manjits', 'Manjits Caterers&Restaurant', 'Client', '360 Darling Street, Balmain', '', 'Balmain', '', 'Sydney', '', 'NSW', '', '', '', '2041', '', '02 98183699', '02 98184160', '0413588804', 'deep@concordfunctioncentre.com.au', 'Area4', '2011-06-20 19:23:57'),
(129, '324', 'Bank Hotel Sumalee Thai Restaurant', 'Client', '324 King St, Newtown', '', 'Newtown', '', 'Sydney', '', 'NSW', '', '', '', '2042', '', '02 85681980', '02 85681999', '02 85681900', 'enquiries@bankhotel.com.au', 'Area1', '2011-06-20 19:27:17'),
(130, '76', 'Chilli Club Thai', 'Client', '76 Spring Streeet', '', 'Bondi Junction', '', 'Sydney', '', 'NSW', '', 'Australia', '', '2022', '', '02 9388 0156', '', '02 93877099', '', 'Area3', '2011-06-20 19:33:05'),
(131, '105', 'Newtown Thai 2', 'Client', '105 King Street', '', 'Newtown', '', 'Sydney', '', 'NSW', '', '', '', '2042', '', '02 95191197', '', '', '', 'Area1', '2011-06-20 19:37:19'),
(132, '1/125 Metang', 'Me-Tang', 'Client', '1/125 Great North Rd', '', 'Five Dock', '', 'Sydney', '', 'NSW', '', '', '', '2046', '', '02 9712 4225', '', '02 97125706', '', 'Area2', '2011-06-20 19:39:49'),
(134, '337', 'NewtownThai 2 Express', 'Client', '337 King Street', '', 'Newtown', '', 'Sydney', '', 'NSW', '', '', '', '2042', '', '95165223', '', '', '', 'Area1', '2011-06-20 19:43:57'),
(135, '27 Home ', '@Home Thai Cuisine', 'Client', '27 Glebe Point Road', '', 'Glebe', '', 'Sydney', '', 'NSW', '', '', '', '2037', '', '95718781', '', '95717630', '', 'Area1', '2011-06-20 19:45:50'),
(137, 'Papaya', 'Papaya Thai Eatery&Cafe', 'Client', 'shop28/23-33 Middenden Rd', '', 'Camperdown', '', '', '', 'NSW', '', '', '', '2050', '', '95162877', '95162899', '', '', 'Area1', '2011-06-20 19:51:44'),
(138, '768', 'Crocodile Senior Thai', 'Client', '768 George St', '', 'Hay Market', '', '', '', 'NSW', '', '', '', '2000', '', '92116630', '', '', '', 'Area1', '2011-06-20 19:53:29'),
(139, '193 Thai On Work', 'Thai On Work', 'Client', '193 Glebe Point Rd', '', 'Glebe', '', '', '', 'NSW', '', '', '', '2037', '', '96609011', '', '96607333', '', 'Area1', '2011-06-20 19:54:45'),
(140, 'Satang', 'Satang Thai Exclusive', 'Client', 'Shop 203/107-121, Quay st', '', 'Haymarket', '', '', '', 'NSW', '', '', '', '2000', '', '92125885', '', '', '', 'Area1', '2011-06-20 19:57:21'),
(141, 'Platform Thai', 'Platform Thai', 'Client', 'Shop 8 Cross st', '', 'Breakfast Point', '', '', '', 'NSW', '', '', '', '2137', '', '87650565', '', '', '', 'Area2', '2011-06-20 19:58:40'),
(142, 'Siam Kingdom', 'Siam Kingdom', 'Client', 'Shop B4"EKO" 1 Avenue of Europe', '', 'Newington', '', '', '', 'NSW', '', '', '', '2127', '', '96484760', '', '', '', 'Area5', '2011-06-20 20:00:31'),
(216, 'Banyan', 'Banyan', 'Client', '', '', '', '', '', '', '', '', '', '', '', '', '', '', '0416133403', '', '', '2011-07-04 16:18:00'),
(146, 'Dlish', 'Dlish Wrap&Roll', 'Client', 'Shop 2, 441-449 Elizabeth st', '', 'City', '', '', '', 'NSW', '', '', '', '2010', '', '92117172', '', '0403550667', '', 'Area1', '2011-06-20 20:12:14'),
(148, 'I Thai 1', 'I Thai Restaurant&Bar', 'Client', '19 Lime st the promenade king st wharf', '', 'Sydney', '', '', '', 'NSW', '', '', '', '2000', '', '92998999', '92621577', '0488993939/0402458861', 'ithaibookings@gmail.com', 'Area1', '2011-06-20 20:16:00'),
(149, '2-135 Wok Station', 'Wok Station', 'Client', '2-135 Harris st', '', 'Pyrmont', '', '', '', 'NSW', '', '', '', '2009', '', '95188911', '95188188', '0449011789', '', 'Area1', '2011-06-20 20:18:01'),
(153, '43', 'Delli Hutt', 'Client', '43-45 Burns Bay Rd', '', 'Lane Cove', '', '', '', 'NSW', '', '', '', '', '', '94285557', '94285408', '', '', 'Area2', '2011-06-20 20:44:24'),
(155, 'Coconut ', 'Coconut Thai Cuisine', 'Client', '190 Lyons rd', '', 'Drummoyne', '', '', '', 'NSW', '', '', '', '2047', '', '97192128/97192327', '', '0402607862', '', 'Area2', '2011-06-20 20:50:49'),
(156, 'Sweet Basil', 'Sweet Basil Thai Restaurant', 'Client', '28A Princes Hwy', '', 'Sylvania', '', '', '', 'NSW', '', '', '', '2224', '', '95223188/95223788', '', '', '', 'Area5', '2011-06-20 20:52:37'),
(158, 'Lasha Baba', 'Lasha Baba Turkish Food', 'Client', 'Level 5, Shop 5055 Westfield', '', 'Parramatta', '', '', '', 'NSW', '', '', '', '', '', '96357135', '', '', '', 'Area5', '2011-06-20 21:03:39'),
(159, '210 Kish&Kish', 'Kish&Kish Indian Restaurant', 'Client', '210 Maroubra rd', '', 'Maroubra', '', '', '', 'NSW', '', '', '', '2035', '', '93445630/93445660', '', '', '', 'Area3', '2011-06-20 21:05:48'),
(160, '212 Monza', 'Monza Thai', 'Client', '212 Maroubra rd', '', 'Maroubra', '', '', '', 'NSW', '', '', '', '2035', '', '93449992', '93449998', '', '', 'Area3', '2011-06-20 21:08:14'),
(161, '40 Thai Thai', 'Thai Thai', 'Client', '40 Botany rd', '', 'Alexandria', '', '', '', 'NSW', '', '', '', '', '', '', '', '', '', 'Area2', '2011-06-20 21:09:45'),
(162, '1431', 'Spice Bazaar', 'Client', '1/1431 Pittwater Rd', '', 'Narrabeen', '', '', '', 'NSW', '', '', '', '2101', '', '99707630', '', '', '', 'Area4', '2011-06-20 21:17:50'),
(163, 'Chat Chai', 'Chat Chai', 'Client', '88 Darby st', '', 'Cooks Hill', '', '', '', 'NSW', '', '', '', '2300', '', '49263222', '', '', '', 'Area5', '2011-06-20 21:20:15'),
(164, '2/157 Monkey', 'Monkey Magic Deli', 'Client', 'Shop 2, 157 Oxford st', '', 'Bondi Junction', '', '', '', 'NSW', '', '', '', '2022', '', '93694744', '', '', '', 'Area3', '2011-06-20 21:22:47'),
(165, 'Pad Thai Chicken', 'Pad Thai Chicken', 'Client', 'Shop 512, Warringah Mall', '', 'Warringah Mall', '', '', '', 'NSW', '', '', '', '', '', '99382883', '', '', '', 'Area5', '2011-06-20 22:32:51'),
(166, 'Square Catering', 'Square Catering', 'Client', '155 Miller st', '', 'North Sydney', '', '', '', 'NSW', '', '', '', '2060', '', '94600100', '94601998', '', '', 'Area4', '2011-06-20 22:39:46'),
(168, '47', 'Thai Eatery 2', 'Client', '47 Majors Bay Rd', '', 'Concord', '', '', '', 'NSW', '', '', '', '', '', '97363334', '', '', '', 'Area2', '2011-06-20 22:50:06'),
(169, 'Jay', 'Nuaan Jay Thai', 'Client', 'Shop 8, 81-91 Military rd', '', 'Neutral Bay', '', '', '', 'NSW', '', '', '', '2089', '', '80655628', '', '', '', 'Area4', '2011-06-20 22:52:57'),
(171, '227', 'Manohra Thai Restaurant', 'Client', '227 Bondi rd', '', 'BONDI', '', '', '', 'NSW', '', '', '', '2026', '', '93000257/93650704', '', '', '', 'Area3', '2011-06-20 22:59:54'),
(172, '46', 'Rockys ', 'Client', '46 Bronte rd', '', 'BONDI JUNCTION', '', '', '', 'NSW', '', '', '', '', '', '93694022', '', '', '', 'Area3', '2011-06-20 23:03:04'),
(174, 'Thai Power1', 'Thai Power1 Potts Point', 'Client', '146 Vitoria st', '', 'Potts Point', '', '', '', '', '', '', '', '', '', '83540434', '', '', '', 'Area3', '2011-06-20 23:07:48'),
(175, '17 Angle', 'Thai Angle House', 'Client', '17 Babbage rd', '', 'Roseville Chase', '', '', '', 'NSW', '', '', '', '2069', '', '94178899', '', '0421237357', '', 'Area4', '2011-06-20 23:12:46'),
(176, 'Somnuk', 'Somnuk Thai', 'Client', '323A, Barrenjoey rd', '', 'Newport', '', '', '', 'NSW', '', '', '', '', '', '99995419', '', '', '', 'Area4', '2011-06-20 23:14:42'),
(177, '315A Bhaji ', 'Bhaji South Indian Cuisine', 'Client', '315a, Barranjoey rd', '', 'Newport', '', '', '', 'NSW', '', '', '', '2106', '', '99794944/99796680', '', '0413242508', '', 'Area4', '2011-06-20 23:16:57'),
(178, '1115', 'Exgiosote Thai', 'Client', '1115 Pittwater rd', '', 'Collaroy', '', '', '', 'NSW', '', '', '', '', '', '99827000', '', '', '', 'Area4', '2011-06-20 23:19:48'),
(179, '3/270 Bobbin Thai', 'Bobbin Thai', 'Client', 'Shop 3, 270 Bobbin Head rd', '', 'NORTH TURRAMURRA', '', '', '', 'NSW', '', '', '', '', '', '94493604/94491064', '', '', '', 'Area4', '2011-06-20 23:22:50'),
(180, 'New Shanghai', 'New Shanghai', 'Client', ' ', '', '', '', ' ', '', 'NSW', '', '', '', ' ', '', '94123358', '94122650', '422880608', 'Qun.chen@newshanghai.com.au', '', '2011-06-20 23:25:12'),
(181, '26A', 'Beachside Thai', 'Client', '26A Darley rd', '', 'Manly', '', '', '', 'NSW', '', '', '', '2095', '', '99775012', '', '', '', 'Area4', '2011-06-20 23:26:33'),
(182, 'Little Thai', 'Little Thai', 'Client', '9 Wilkes av', '', 'Artarmon', '', '', '', 'NSW', '', '', '', '', '', '94113389/94113398', '', '', '', 'Area4', '2011-06-20 23:28:35'),
(183, '541 Kallin Lime', 'Kallin Lime Modern Thai Eatery', 'Client', '541-543 Willoughby rd', '', 'Willoughby', '', '', '', 'NSW', '', '', '', '2068', '', '99672077', '99672066', '', '', 'Area4', '2011-06-20 23:31:51'),
(184, '19 Sticky Rice ', 'Sticky Rice Thai Restaurant', 'Client', '19 Scott st', '', 'Newcastle', '', '', '', 'NSW', '', '', '', '2300', '', '49270200', '', '', '', '', '2011-06-20 23:35:12'),
(185, 'Sticky Rice Edgworth', 'Sticky Rice Edgworth', 'Client', 'Shop 17, 720 Main rd', '', 'Edgworth', '', '', '', 'NSW', '', '', '', '2285', '', '49530378', '49530320', '', '', 'Area5', '2011-06-20 23:37:28'),
(186, 'The Grain Thai ', 'The Grain Thai Restaurant', 'Client', '54 Beaumont st', '', 'Hamilton', '', '', '', 'NSW', '', '', '', '', '', '49623444', '', '', '', 'Area5', '2011-06-20 23:39:42'),
(187, 'ET Family', 'ET Family Thai Bistro', 'Client', '739 Main rd', '', 'Edgeworth', '', '', '', 'NSW', '', '', '', '2285', '', '49582222', '', '', '', 'Area5', '2011-06-20 23:42:55'),
(188, 'China Doll Accessoories', 'China Doll Accessoories', 'Client', '418 Parramatta rd', '', 'Petersham', '', '', '', 'NSW', '', '', '', '2049', '', '95684318', '', '', '', '', '2011-06-20 23:52:04'),
(189, '1/3', 'Lyaia Thai Restaurant', 'Client', 'Shop 1, 3-7 Cowell st', '', 'GLADESVILLE', '', '', '', 'NSW', '', '', '', '2111', '', '98794788/98794699', '', '', '', 'Area2', '2011-06-20 23:54:48'),
(193, '382', 'Deliissimo', 'Client', '382 Darling st', '', 'Balmain', '', '', '', 'NSW', '', '', '', '2041', '', '98181133', '98181466', '', '', 'Area2', '2011-07-02 19:59:49'),
(194, 'no.1', 'no.1', 'Client', '1 Norton st', '', 'Leichhardt', '', '', '', 'NSW', '', '', '', '', '', '95603322', '95690847', '', '', 'Area1', '2011-07-02 20:00:57'),
(195, 'Power 2', 'Thai Power 2', 'Client', '220 Addison rd', '', 'Marrickville', '', '', '', 'NSW', '', '', '', '', '', '95694709', '', '', '', 'Area1', '2011-07-02 20:01:50'),
(196, 'Jolly 158', 'Jolly', 'Client', '158 Norton st', '', 'Leichhardt', '', '', '', 'NSW', '', '', '', '2040', '', '95602434', '', '', '', 'Area1', '2011-07-02 20:02:39'),
(197, '18 Anong', 'Anong', 'Client', '18 Hughes st', '', 'Potts Point', '', '', '', 'NSW', '', '', '', '2011', '', '93809952', '', '', '', 'Area3', '2011-07-02 20:03:31'),
(198, 'Rice Chilli', 'Chilli Rice', 'Client', 'shop 4, 50-52 Spit rd', '', 'Mosman', '', '', '', 'NSW', '', '', '', '', '', '99699577', '', '', '', 'Area4', '2011-07-02 20:05:08'),
(199, 'Chang', 'Chang Thai', 'Client', 'Level 1/81 Parriwi rd, The spit', '', 'Mosman', '', '', '', 'NSW', '', '', '', '2088', '', '99606668', '99692949', '', '', 'Area4', '2011-07-02 20:06:07'),
(200, '51 Vi Ses', 'VI SES NI YOM', 'Client', '51 Druitt st', '', 'Sydney', '', '', '', 'NSW', '', '', '', '2000', '', '92830606', '', '', '', 'Area1', '2011-07-02 20:09:35'),
(201, '335', 'Boonchu', 'Client', '335 Barrenjoey rd', '', 'Newport Beach', '', '', '', 'NSW', '', '', '', '2106', '', '99973450/99796447', '99796447', '', '', 'Area1', '2011-07-02 20:11:47'),
(202, 'Hepworths', 'Hepworths Industrial Wear Pty Ltd', 'Supplier', 'Hepworths Industrial Wear Pty Ltd,P.O Box 6000', '', 'Minto', '', '', '', 'NSW', '', '', '', '2566', '', '', '', '', 'A/C 13005', NULL, '2011-07-02 20:15:11'),
(203, 'New Shanghai 1', 'New Shanghai', 'Client', 'Shop B-038,Chatswood Chase', '', 'Chatswood', '', '', '', 'NSW', '', '', '', '2067', '', '94123358', '', '', '', 'Area4', '2011-07-02 20:23:29'),
(204, 'New Shanghai 2', 'New Shanghai 2', 'Client', 'Shop 20,427-441 Victoria Ave', '', 'Chatswood', '', '', '', 'NSW', '', '', '', '2067', '', '94153536', '', '', '', 'Area4', '2011-07-02 20:24:34'),
(205, 'New Shanghai 3', 'New Shanghai 3', 'Client', '273 Liverpool rd', '', 'Ashfield', '', '', '', 'NSW', '', '', '', '2131', '', '97977284', '', '', '', 'Area5', '2011-07-02 20:25:20'),
(219, 'Thai Riffic Center Point', 'Thai Riffic Center Point', 'Client', '', '', '', '', '', '', '', '', '', '', '', '', '', '', '', '', 'Area1', '2011-07-04 16:57:00'),
(218, '299', 'Home(Lucy)', 'Client', 'Shop 1, 299 Sussex St', '', 'Sydney', '', '', '', '', '', '', '', '', '', '92615058', '', '0410699866', '', 'Area1', '2011-07-04 16:52:49'),
(214, 'Nina', 'Nina Ploy Thai', 'Client', '132 cnr Wairon Ave and Wamers Ave', '', 'Bondi Beach', '', '', '', 'NSW', '', '', '', '2026', '', '93651118', '', '', '', 'Area3', '2011-07-04 14:41:51'),
(1003, '146 Bangkok Bar', 'Bankgkok Bar', 'Client', '146 Burns Bay Rd', '', 'Lane Cove', '', '', '', 'NSW', '', '', '', '', '', '94201388', '94203388', '0434275432', '', 'Area2', '2011-07-19 20:44:18'),
(1004, 'The Imperial', 'The Imperial', 'Client', 'Shop 31,103-111 Willoughby Road,Crows Nest Plaza', '', 'CROWS NEST', '', '', '', 'NSW', '', '', '', '2065', '', '99669307', '94396686', '0402597375', '', 'Area4', '2011-07-19 20:47:02'),
(1005, 'Yummi', 'Yummi Thai Food', 'Client', 'Shop F8, Sussex Centre, 401 Sussex St', '', 'City', '', '', '', 'NSW', '', '', '', '', '', '92111147', '', '', '', 'Area1', '2011-07-19 20:50:19'),
(1006, 'Noodlebar', 'Noodnoodlebar', 'Client', '388 Darling st', '', 'Balmain', '', '', '', 'NSW', '', '', '', '', '', '95556990', '83992090', '', '', 'Area2', '2011-07-19 20:52:01'),
(1007, 'Shing Fat', 'Shing Fat', 'Supplier', '', '', '', '', '', '', '', '', '', '', '', '', '97181646', '', '0410639882', '', NULL, '2011-07-19 20:53:09'),
(1008, 'Shin Sei Ki', 'Shin Sei Ki Pty Ltd', 'Client', '', '', '', '', '', '', 'NSW', '', '', '', '', '', '97020193', '96438834', '', '', 'Area1', '2011-07-20 08:27:10'),
(1009, 'Buthcer Shop', 'Buthcer Shop', 'Client', '', '', '', '', '', '', 'NSW', '', '', '', '', '', '', '', '', '', 'Area1', '2011-07-20 09:12:05'),
(1010, 'Lunch Special ', 'Lunch Special ', 'Client', 'Level 2 Thai Pavilion Hotel,580 George St', '', 'Sydney', '', '', '', 'NSW', '', '', '', '', '', '', '', '0460135766', '', 'Area1', '2011-07-20 15:26:44'),
(1011, '512 Time', 'Time for Thai 1', 'Client', 'Shop 512,Warringah Mall Arena Cove Food Court', '', 'Warringah Mall', '', '', '', 'NSW', '', '', '', '', '', '99382883', '', '', '', NULL, '2011-07-20 16:40:10'),
(1012, '21 Time', 'Time for Thai 2', 'Client', 'Shop 21,Dee Why Shopping Center', '', 'Dee Why', '', '', '', 'NSW', '', '', '', '', '', '99823883', '', '', '', NULL, '2011-07-20 16:41:19'),
(1013, '70 Lemonglass', 'Thai Lemonglass', 'Client', '70 Stanley st', '', 'Darlinghurst', '', '', '', 'NSW', '', '', '', '', '', '93602617', '', '', '', 'Area3', '2011-07-20 17:19:23'),
(1014, '10 Big Chef', 'Big Chef Thai', 'Client', '10 Gray st', '', 'Bondi Junction', '', '', '', 'NSW', '', '', '', '', '', '93865722', '', '', '', 'Area3', '2011-07-20 17:21:00'),
(1015, 'J T', 'J&T Thai', 'Client', '5/110 Spring st', '', 'Bondi Junction', '', '', '', 'NSW', '', '', '', '', '', '93694401', '', '', '', 'Area3', '2011-07-20 17:24:35'),
(1016, 'KL', 'KL Kitchen', 'Client', '7/133 Macleay st&38 Llankelly Place', '', 'Potts Point', '', '', '', 'NSW', '', '', '', '', '', '93608789', '', '0416039088', '', 'Area3', '2011-07-20 17:26:45'),
(1017, '223 Red Coco', 'Red Coco Thai', 'Client', '223 Bondi Rd', '', 'BONDI', '', '', '', 'NSW', '', '', '', '', '', '93657076', '', '', '', 'Area3', '2011-07-20 17:29:01'),
(1018, '4/51 Two seats', 'Two Seats', 'Client', 'Shop4/51-57 Bayswater', '', 'Rushcutters Bay', '', '', '', 'NSW', '', '', '', '', '', '93311577', '', '', '', 'Area3', '2011-07-20 17:37:37'),
(1019, '87 yong', 'Thai yong', 'Client', '87 Oxford st ', '', 'Bondi Junction ', '', '', '', 'NSW', '', '', '', '', '', '93895455', '93693164', '', '', 'Area3', '2011-07-20 17:46:14'),
(1020, '1/1 Cielo', 'Cielo Cafe', 'Client', 'Shop 1/1-5 Bourke st', '', 'Mascot', '', '', '', 'NSW', '', '', '', '', '', '83388819', '', '', '', 'Area3', '2011-07-20 17:55:07'),
(1021, '7 Sushi', 'Sushi Fashion', 'Client', '7 Belmore rd', '', 'Randwick', '', '', '', 'NSW', '', '', '', '', '', '93995388', '93995588', '', '', 'Area3', '2011-07-20 17:56:35'),
(1022, '332 ChangTon', 'Chang Ton Thai', 'Client', '332 Penshurst st', '', 'Willoughby', '', '', '', 'NSW', '', '', '', '', '', '94176204', '94178767', '', '', 'Area4', '2011-07-20 18:01:33'),
(1023, 'C M', ' Tasty Thai', 'Client', '43 Spofforth st', '', 'Cremorne', '', '', '', 'NSW', '', '', '', '', '', '99042545', '', '', '', 'Area4', '2011-07-20 18:08:51'),
(1025, '557 Cinnamon', 'Cinnamon', 'Client', '557 Great North rd', '', 'Abbotsford', '', '', '', 'NSW', '', '', '', '', '', '97139133', '', '0421165499', '', 'Area1', '2011-07-20 18:39:49'),
(1026, '121 Seeda', 'Seeda Thai', 'Client', '121 Enmore rd', '', ' Enmore', '', '', '', 'NSW', '', '', '', '', '', '95572345', '', '', '', 'Area1', '2011-07-20 18:41:26'),
(1027, '462/40 Chilli', 'Chilli Cha Cha', 'Client', 'Shop 462,40-50 Campbell st', '', 'sydney', '', '', '', 'NSW', '', '', '', '', '', '92112025', '', '', '', 'Area1', '2011-07-20 18:43:04'),
(1028, '171 Glebe', 'Sumalee Thai', 'Client', '171 Glebe Point rd', '', 'Glebe', '', '', '', 'NSW', '', '', '', '', '', '95718888', '', '', '', 'Area1', '2011-07-20 18:48:45'),
(1029, '666Blue', 'Bluewok', 'Client', '666 Crown st', '', 'Surry Hills', '', '', '', 'NSW', '', '', '', '', '', '96992829', '', '', '', 'Area1', '2011-07-20 20:22:28'),
(1030, 'Ryde', 'Ivory', 'Client', 'Shop4/144-148, Cox s rd', '', 'North Ryde', '', '', '', 'NSW', '', '', '', '', '', '98887773', '', '', '', 'Area1', '2011-07-21 09:13:18');

-- --------------------------------------------------------

--
-- Table structure for table `intolibrary`
--

CREATE TABLE IF NOT EXISTS `intolibrary` (
  `ID` int(10) NOT NULL AUTO_INCREMENT,
  `ProductName` varchar(50) NOT NULL,
  `Suppliers` varchar(50) NOT NULL,
  `Price` float(8,2) NOT NULL DEFAULT '0.00',
  `Nums` int(10) NOT NULL,
  `Unit` varchar(10) NOT NULL DEFAULT 'kg',
  `TotalPric` float(8,2) NOT NULL DEFAULT '0.00',
  `IntoDate` datetime NOT NULL,
  `Comment` varchar(100) NOT NULL,
  PRIMARY KEY (`ID`)
) ENGINE=MyISAM  DEFAULT CHARSET=utf8 AUTO_INCREMENT=5 ;

--
-- Dumping data for table `intolibrary`
--

INSERT INTO `intolibrary` (`ID`, `ProductName`, `Suppliers`, `Price`, `Nums`, `Unit`, `TotalPric`, `IntoDate`, `Comment`) VALUES
(1, 'BEEF BIBKE', 'EMPIRE MEAT WHOLESALERS PTY.LTD', 4.00, 100, 'kg', 400.00, '2012-01-17 10:31:36', 'bibke slide'),
(2, 'Others', 'MeatFactory', 0.00, 0, 'kg', 100.00, '2012-01-17 10:34:35', 'rent'),
(3, 'Salary', 'MeatFactory', 0.00, 0, 'kg', 4444.00, '2013-01-06 10:23:02', 'give to eddi'),
(4, 'FULL BREAS', 'DEPIRA FOOD DISTRIBUTORS (DFD)', 30.00, 1, 'kg', 30.00, '2013-01-06 10:34:12', 'cxsa');

-- --------------------------------------------------------

--
-- Table structure for table `orderdetail`
--

CREATE TABLE IF NOT EXISTS `orderdetail` (
  `OrderID` int(10) NOT NULL,
  `CompanyName` varchar(50) CHARACTER SET utf8 NOT NULL,
  `ProductID` int(10) NOT NULL,
  `ProductName` varchar(30) CHARACTER SET utf8 NOT NULL,
  `Description` varchar(100) CHARACTER SET utf8 NOT NULL,
  `Unit` varchar(15) CHARACTER SET utf8 NOT NULL,
  `Price` float(8,2) NOT NULL,
  `Qty` float(8,2) NOT NULL,
  `Total` float(8,2) NOT NULL,
  `OrderDate` datetime NOT NULL
) ENGINE=MyISAM DEFAULT CHARSET=latin1;

--
-- Dumping data for table `orderdetail`
--

INSERT INTO `orderdetail` (`OrderID`, `CompanyName`, `ProductID`, `ProductName`, `Description`, `Unit`, `Price`, `Qty`, `Total`, `OrderDate`) VALUES
(81, '1425', 138, 'V', 'Veal', 'kg', 11.50, 15.00, 0.01, '2011-07-20 14:25:19'),
(81, '1425', 128, 'offB/F', 'chicken breast fillet off', 'kg', 8.00, 35.00, 0.01, '2011-07-20 14:25:19'),
(81, '1425', 127, 'on CTF', 'chicken thigh fillet on', 'kg', 6.20, 3.00, 0.01, '2011-07-20 14:25:19'),
(78, 'no.1', 98, '1B/M', 'Beef Mince 1', 'kg', 4.50, 5.00, 0.01, '2011-07-20 13:42:04'),
(79, 'Intra Thai', 28, 'R1', 'Beef Rump 1', 'kg', 7.50, 19.20, 0.01, '2011-07-20 13:55:19'),
(79, 'Intra Thai', 40, 'Loin', 'Chicken Tender Loin', 'kg', 8.00, 15.00, 0.01, '2011-07-20 13:55:19'),
(79, 'Intra Thai', 62, 'W', 'Chicken Wing', 'kg', 1.80, 5.00, 0.01, '2011-07-20 13:55:19'),
(77, '5 Noodle Bar', 128, 'offB/F', 'chicken breast fillet off', 'kg', 8.00, 25.00, 0.01, '2011-07-20 13:38:58'),
(77, '5 Noodle Bar', 113, 'Beef', 'Beef Slice', 'kg', 8.30, 5.00, 0.01, '2011-07-20 13:38:58'),
(77, '5 Noodle Bar', 62, 'W', 'Chicken Wing', 'kg', 1.80, 1.00, 0.01, '2011-07-20 13:38:58'),
(76, 'Kuk', 39, 'Pork', 'Pork', 'kg', 8.50, 5.00, 0.01, '2011-07-20 13:37:23'),
(75, '2/157', 126, 'offCTF', 'chicken thigh fillet off', 'kg', 7.00, 16.00, 0.01, '2011-07-20 13:35:31'),
(75, '2/157', 119, 'Belly', 'Pork belly', 'kg', 8.00, 1.90, 0.01, '2011-07-20 13:35:31'),
(75, '2/157', 113, 'Beef', 'Beef Slice', 'kg', 8.30, 2.00, 0.01, '2011-07-20 13:35:31'),
(75, '2/157', 39, 'Pork', 'Pork', 'kg', 8.50, 2.00, 0.01, '2011-07-20 13:35:31'),
(71, '337', 131, '1PN', 'pork neck', 'kg', 8.00, 3.80, 0.00, '2011-07-20 13:03:35'),
(74, '78', 131, '1PN', 'pork neck', 'kg', 8.00, 12.60, 0.01, '2011-07-20 13:02:12'),
(74, '78', 114, '2PSB', 'Pork soft bone 2', 'kg', 6.70, 10.00, 0.01, '2011-07-20 13:02:12'),
(74, '78', 68, 'C28', 'Chicken 28', 'kg', 12.40, 5.00, 0.01, '2011-07-20 13:02:12'),
(73, 'Power 2', 128, 'off B/F', 'chicken breast fillet off', 'kg', 8.00, 40.00, 0.00, '2011-07-20 13:10:57'),
(73, 'Power 2', 136, 'PAR', 'Pork American Ribs', 'kg', 12.00, 4.07, 0.01, '2011-07-20 12:59:14'),
(73, 'Power 2', 113, 'Beef', 'Beef Slice', 'kg', 8.30, 12.00, 0.01, '2011-07-20 12:59:14'),
(73, 'Power 2', 104, '2BDiced', 'Beef diced 2', 'kg', 6.70, 10.00, 0.01, '2011-07-20 12:59:14'),
(73, 'Power 2', 62, 'W', 'Chicken Wing', 'kg', 1.80, 2.00, 0.01, '2011-07-20 12:59:14'),
(73, 'Power 2', 39, 'Pork', 'Pork', 'kg', 8.50, 5.00, 0.01, '2011-07-20 12:59:14'),
(73, 'Power 2', 36, 'Cut', 'Lamb Cutlets', 'kg', 21.00, 3.10, 0.00, '2011-07-20 13:10:57'),
(72, '324', 37, 'Ldiced', 'lamb diced', 'kg', 12.40, 5.00, 0.00, '2011-07-20 13:13:11'),
(72, '324', 136, 'PAR', 'Pork American Ribs', 'kg', 12.00, 10.00, 0.00, '2011-07-20 13:13:11'),
(72, '324', 128, 'off B/F', 'chicken breast fillet off', 'kg', 8.00, 10.00, 0.01, '2011-07-20 12:49:30'),
(72, '324', 113, 'Beef', 'Beef Slice', 'kg', 8.30, 5.00, 0.01, '2011-07-20 12:49:30'),
(72, '324', 40, 'Loin', 'Chicken Tender Loin', 'kg', 8.00, 10.00, 0.01, '2011-07-20 12:49:30'),
(71, '337', 128, 'off B/F', 'chicken breast fillet off', 'kg', 8.00, 30.00, 0.01, '2011-07-20 12:46:40'),
(71, '337', 126, 'off CTF', 'chicken thigh fillet off', 'kg', 7.00, 12.00, 0.01, '2011-07-20 12:46:40'),
(71, '337', 113, 'Beef', 'Beef Slice', 'kg', 8.30, 10.00, 0.01, '2011-07-20 12:46:40'),
(70, '60-62', 128, 'off B/F', 'chicken breast fillet off', 'kg', 8.00, 15.00, 0.01, '2011-07-20 12:44:14'),
(70, '60-62', 126, 'off CTF', 'chicken thigh fillet off', 'kg', 7.00, 5.00, 0.01, '2011-07-20 12:44:14'),
(70, '60-62', 113, 'Beef', 'Beef Slice', 'kg', 8.30, 5.00, 0.01, '2011-07-20 12:44:14'),
(70, '60-62', 41, '1PR', 'Pork Ribs 1', 'kg', 9.00, 0.60, 0.01, '2011-07-20 12:44:14'),
(70, '60-62', 40, 'Loin', 'Chicken Tender Loin', 'kg', 8.00, 5.00, 0.01, '2011-07-20 12:44:14'),
(69, '27 Home ', 143, 'R3', 'Beef rump 3', 'kg', 8.20, 3.20, 0.00, '2011-07-20 11:59:16'),
(69, '27 Home ', 128, 'off B/F', 'chicken breast fillet off', 'kg', 8.00, 10.00, 0.01, '2011-07-20 11:57:45'),
(69, '27 Home ', 113, 'Beef', 'Beef Slice', 'kg', 8.30, 5.00, 0.01, '2011-07-20 11:57:45'),
(69, '27 Home ', 40, 'Loin', 'Chicken Tender Loin', 'kg', 8.00, 5.00, 0.01, '2011-07-20 11:57:45'),
(68, 'Papaya', 128, 'off B/F', 'chicken breast fillet off', 'kg', 8.00, 20.00, 0.01, '2011-07-20 11:55:56'),
(67, 'Satang Thai', 142, '2CF', 'Chicken fillet 2', 'kg', 6.00, 20.00, 0.01, '2011-07-20 11:54:55'),
(66, 'Satang', 128, 'off B/F', 'chicken breast fillet off', 'kg', 8.00, 20.00, 0.01, '2011-07-20 11:51:51'),
(66, 'Satang', 113, 'Beef', 'Beef Slice', 'kg', 8.30, 10.00, 0.01, '2011-07-20 11:51:51'),
(66, 'Satang', 39, 'Pork', 'Pork', 'kg', 8.50, 10.00, 0.01, '2011-07-20 11:51:51'),
(65, '135', 128, 'off B/F', 'chicken breast fillet off', 'kg', 8.00, 10.00, 0.01, '2011-07-20 11:49:45'),
(65, '135', 119, 'Belly', 'Pork belly', 'kg', 8.00, 10.00, 0.01, '2011-07-20 11:49:45'),
(65, '135', 113, 'Beef', 'Beef Slice', 'kg', 8.30, 5.00, 0.01, '2011-07-20 11:49:45'),
(65, '135', 96, '1C/M', 'Chicken Mince', 'kg', 5.60, 2.00, 0.01, '2011-07-20 11:49:45'),
(65, '135', 39, 'Pork', 'Pork', 'kg', 8.50, 1.00, 0.01, '2011-07-20 11:49:45'),
(64, '249', 139, 'BS', 'Scotch fillet', 'kg', 16.00, 3.00, 0.01, '2011-07-20 11:46:31'),
(64, '249', 138, 'V', 'Veal', 'kg', 11.50, 5.20, 0.01, '2011-07-20 11:46:31'),
(64, '249', 128, 'off B/F', 'chicken breast fillet off', 'kg', 8.00, 20.00, 0.01, '2011-07-20 11:46:31'),
(64, '249', 126, 'CTF off', 'chicken thigh fillet off', 'kg', 7.00, 3.00, 0.01, '2011-07-20 11:46:31'),
(64, '249', 62, 'W', 'Chicken Wing', 'kg', 1.80, 10.00, 0.01, '2011-07-20 11:46:31'),
(63, 'Thai On Work', 140, 'SC', 'Steamer Chicken', 'box', 31.50, 1.00, 0.01, '2011-07-20 11:44:09'),
(63, 'Thai On Work', 139, 'BS', 'Scotch fillet', 'kg', 16.00, 5.60, 0.01, '2011-07-20 11:44:09'),
(63, 'Thai On Work', 138, 'V', 'Veal', 'kg', 11.50, 6.20, 0.01, '2011-07-20 11:44:09'),
(63, 'Thai On Work', 128, 'off B/F', 'chicken breast fillet off', 'kg', 8.00, 20.00, 0.01, '2011-07-20 11:44:09'),
(63, 'Thai On Work', 127, 'CTF on', 'chicken thigh fillet on', 'kg', 6.20, 5.00, 0.01, '2011-07-20 11:44:09'),
(63, 'Thai On Work', 126, 'CTF off', 'chicken thigh fillet off', 'kg', 7.00, 7.00, 0.01, '2011-07-20 11:44:09'),
(63, 'Thai On Work', 104, '2BDiced', 'Beef diced 2', 'kg', 6.70, 10.00, 0.01, '2011-07-20 11:44:09'),
(63, 'Thai On Work', 62, 'W', 'Chicken Wing', 'kg', 1.80, 10.00, 0.01, '2011-07-20 11:44:09'),
(63, 'Thai On Work', 39, 'Pork', 'Pork', 'kg', 8.50, 4.00, 0.01, '2011-07-20 11:44:09'),
(62, ' 6/60', 128, 'off B/F', 'chicken breast fillet off', 'kg', 8.00, 30.00, 0.01, '2011-07-20 10:13:07'),
(62, ' 6/60', 119, 'Belly', 'Pork belly', 'kg', 8.00, 4.50, 0.01, '2011-07-20 10:13:07'),
(62, ' 6/60', 40, 'Loin', 'Chicken Tender Loin', 'kg', 8.00, 15.00, 0.01, '2011-07-20 10:13:07'),
(62, ' 6/60', 39, 'Pork', 'Pork', 'kg', 8.50, 5.00, 0.01, '2011-07-20 10:13:07'),
(61, '299', 133, 'C24', 'chicken 24', 'each', 9.30, 4.00, 0.01, '2011-07-20 10:06:56'),
(61, '299', 128, 'off B/F', 'chicken breast fillet off', 'kg', 8.00, 30.00, 0.01, '2011-07-20 10:06:56'),
(61, '299', 45, 'PSB', 'Pork Soft Bone', 'kg', 6.50, 16.50, 0.01, '2011-07-20 10:06:56'),
(61, '299', 40, 'Loin', 'Chicken Tender Loin', 'kg', 8.00, 20.00, 0.01, '2011-07-20 10:06:56'),
(61, '299', 39, 'Pork', 'Pork', 'kg', 8.50, 10.00, 0.01, '2011-07-20 10:06:56'),
(61, '299', 30, 'BDiced', 'Beef Diced', 'kg', 6.50, 19.50, 0.01, '2011-07-20 10:06:56'),
(61, '299', 26, 'BTS', 'Beef Top side', 'kg', 8.00, 10.00, 0.01, '2011-07-20 10:06:56'),
(60, 'Thai Riffic Center Point', 131, '1PN', 'pork neck', 'kg', 8.00, 7.00, 0.01, '2011-07-20 10:01:30'),
(60, 'Thai Riffic Center Point', 128, 'off B/F', 'chicken breast fillet off', 'kg', 8.00, 35.00, 0.01, '2011-07-20 10:01:30'),
(60, 'Thai Riffic Center Point', 113, 'Beef', 'Beef Slice', 'kg', 8.30, 10.70, 0.01, '2011-07-20 10:01:30'),
(59, '574', 128, 'off B/F', 'chicken breast fillet off', 'kg', 8.00, 35.00, 0.01, '2011-07-20 09:53:10'),
(59, '574', 113, 'Beef', 'Beef Slice', 'kg', 8.30, 7.00, 0.01, '2011-07-20 09:53:10'),
(59, '574', 107, '2MF on', 'Chicken merryland on 2', 'kg', 5.50, 3.30, 0.01, '2011-07-20 09:53:10'),
(59, '574', 62, 'W', 'Chicken Wing', 'kg', 1.80, 5.00, 0.01, '2011-07-20 09:53:10'),
(59, '574', 40, 'Loin', 'Chicken Tender Loin', 'kg', 8.00, 5.00, 0.01, '2011-07-20 09:53:10'),
(59, '574', 39, 'Pork', 'Pork', 'kg', 8.50, 2.00, 0.01, '2011-07-20 09:53:10'),
(59, '574', 28, 'R', 'Beef Rump', 'kg', 7.50, 5.70, 0.01, '2011-07-20 09:53:10'),
(58, '1/125', 128, 'off B/F', 'chicken breast fillet off', 'kg', 8.00, 15.00, 0.00, '2011-07-20 09:47:55'),
(58, '1/125', 40, 'Loin', 'Chicken Tender Loin', 'kg', 8.00, 10.00, 0.00, '2011-07-20 09:45:23'),
(58, '1/125', 113, 'Beef', 'Beef Slice', 'kg', 8.30, 5.00, 0.01, '2011-07-20 09:44:23'),
(57, 'Shin Sei Ki', 129, 'PBS', 'pork belly slice', 'kg', 8.50, 2.50, 0.01, '2011-07-20 08:56:20'),
(57, 'Shin Sei Ki', 128, 'off B/F', 'chicken breast fillet off', 'kg', 7.80, 2.00, 0.01, '2011-07-20 08:56:20'),
(57, 'Shin Sei Ki', 126, 'CTF off', 'chicken thigh fillet off', 'kg', 7.00, 22.00, 0.01, '2011-07-20 08:56:20'),
(58, '1/125', 39, 'Pork', 'Pork', 'kg', 8.50, 5.00, 0.01, '2011-07-20 09:44:23'),
(57, 'Shin Sei Ki', 46, 'PFAT', 'Fat', 'kg', 1.00, 0.30, 0.01, '2011-07-20 08:56:20'),
(57, 'Shin Sei Ki', 61, '1MF on', 'Merryland on 1', 'kg', 4.80, 35.00, 0.00, '2011-07-20 09:06:59'),
(57, 'Shin Sei Ki', 95, 'CBone', 'Chicken Bone', 'Tubs', 0.00, 25.00, 0.01, '2011-07-20 08:56:20'),
(57, 'Shin Sei Ki', 99, '1P/M', 'Pork Mince 1', 'kg', 5.50, 4.00, 0.01, '2011-07-20 08:56:20'),
(57, 'Shin Sei Ki', 109, '2CMF off ', 'Chicken merryland off 2', 'kg', 6.50, 45.00, 0.01, '2011-07-20 08:56:20'),
(57, 'Shin Sei Ki', 113, 'Beef', 'Beef Slice', 'kg', 8.00, 2.00, 0.01, '2011-07-20 08:56:20'),
(57, 'Shin Sei Ki', 122, 'CSB', 'chicken soft bone', 'kg', 5.00, 14.00, 0.01, '2011-07-20 08:56:20'),
(57, 'Shin Sei Ki', 125, '3CMon', 'chicken merryland on 3', 'kg', 5.00, 15.00, 0.01, '2011-07-20 08:56:20'),
(81, '1425', 119, 'Belly', 'Pork belly', 'kg', 8.00, 3.30, 0.01, '2011-07-20 14:25:19'),
(81, '1425', 62, 'W', 'Chicken Wing', 'kg', 1.80, 5.00, 0.01, '2011-07-20 14:25:19'),
(81, '1425', 40, 'Loin', 'Chicken Tender Loin', 'kg', 8.00, 10.00, 0.01, '2011-07-20 14:25:19'),
(81, '1425', 39, 'Pork', 'Pork', 'kg', 8.50, 33.80, 0.01, '2011-07-20 14:25:19'),
(81, '1425', 30, '1BDiced', 'Beef Diced 1', 'kg', 6.50, 6.90, 0.01, '2011-07-20 14:25:19'),
(80, '1115', 144, 'Lamb', 'Lamb', 'kg', 12.40, 5.00, 0.00, '2011-07-20 14:21:32'),
(80, '1115', 128, 'offB/F', 'chicken breast fillet off', 'kg', 8.00, 20.00, 0.01, '2011-07-20 14:19:47'),
(80, '1115', 96, '1C/M', 'Chicken Mince', 'kg', 5.60, 5.00, 0.01, '2011-07-20 14:19:47'),
(80, '1115', 62, 'W', 'Chicken Wing', 'kg', 1.80, 5.00, 0.01, '2011-07-20 14:19:47'),
(77, '5 Noodle Bar', 43, 'PF1', 'Pork Fillet 1', 'kg', 11.00, 1.10, 0.00, '2011-07-20 14:01:45'),
(79, 'Intra Thai', 108, '1CMF off ', 'Chicken merryland off 1', 'kg', 5.50, 5.10, 0.00, '2011-07-20 13:58:53'),
(79, 'Intra Thai', 130, 'CS', 'Spatchcock', 'each', 4.60, 6.00, 0.01, '2011-07-20 13:55:19'),
(79, 'Intra Thai', 128, 'offB/F', 'chicken breast fillet off', 'kg', 8.00, 35.00, 0.01, '2011-07-20 13:55:19'),
(79, 'Intra Thai', 96, '1C/M', 'Chicken Mince', 'kg', 5.60, 10.00, 0.01, '2011-07-20 13:55:19'),
(81, '1425', 38, 'LS', 'Lamb Shank', 'kg', 7.50, 20.00, 0.00, '2011-07-20 14:27:16'),
(81, '1425', 145, 'LF3', 'Lamb fillet 3', 'kg', 19.50, 7.00, 0.00, '2011-07-20 14:27:16'),
(82, '3/107', 113, 'Beef', 'Beef Slice', 'kg', 8.30, 5.00, 0.01, '2011-07-20 14:30:01'),
(82, '3/107', 126, 'offCTF', 'chicken thigh fillet off', 'kg', 7.00, 5.00, 0.01, '2011-07-20 14:30:01'),
(82, '3/107', 128, 'offB/F', 'chicken breast fillet off', 'kg', 8.00, 25.00, 0.01, '2011-07-20 14:30:01'),
(82, '3/107', 145, 'LF3', 'Lamb fillet 3', 'kg', 19.50, 5.00, 0.01, '2011-07-20 14:30:01'),
(83, '1431', 146, '4CML', 'chicken merryland off 4', 'kg', 6.30, 40.00, 0.01, '2011-07-20 14:32:39'),
(84, 'Newport Bhaji ', 144, 'Lamb', 'Lamb', 'kg', 12.40, 15.00, 0.01, '2011-07-20 14:33:43'),
(84, 'Newport Bhaji ', 146, '4CML', 'chicken merryland off 4', 'kg', 6.30, 30.00, 0.01, '2011-07-20 14:33:43'),
(85, 'Somnuk', 29, 'CH', 'Chunk Roll', 'kg', 6.50, 4.50, 0.01, '2011-07-20 14:35:45'),
(85, 'Somnuk', 39, 'Pork', 'Pork', 'kg', 8.50, 3.00, 0.01, '2011-07-20 14:35:45'),
(85, 'Somnuk', 126, 'offCTF', 'chicken thigh fillet off', 'kg', 7.00, 5.00, 0.01, '2011-07-20 14:35:45'),
(85, 'Somnuk', 128, 'offB/F', 'chicken breast fillet off', 'kg', 8.00, 15.00, 0.01, '2011-07-20 14:35:45'),
(86, '17 Angle', 40, 'Loin', 'Chicken Tender Loin', 'kg', 8.00, 5.00, 0.01, '2011-07-20 14:37:52'),
(86, '17 Angle', 61, '1MF on', 'Merryland on 1', 'kg', 4.80, 5.00, 0.01, '2011-07-20 14:37:52'),
(86, '17 Angle', 113, 'Beef', 'Beef Slice', 'kg', 8.30, 6.00, 0.01, '2011-07-20 14:37:52'),
(86, '17 Angle', 128, 'offB/F', 'chicken breast fillet off', 'kg', 8.00, 20.00, 0.01, '2011-07-20 14:37:52'),
(86, '17 Angle', 144, 'Lamb', 'Lamb', 'kg', 12.40, 13.40, 0.01, '2011-07-20 14:37:52'),
(87, '1354', 39, 'Pork', 'Pork', 'kg', 8.50, 5.00, 0.01, '2011-07-20 14:39:44'),
(87, '1354', 40, 'Loin', 'Chicken Tender Loin', 'kg', 8.00, 10.00, 0.01, '2011-07-20 14:39:44'),
(87, '1354', 128, 'offB/F', 'chicken breast fillet off', 'kg', 8.00, 80.00, 0.01, '2011-07-20 14:39:44'),
(87, '1354', 144, 'Lamb', 'Lamb', 'kg', 12.40, 5.00, 0.01, '2011-07-20 14:39:44'),
(88, 'm. m', 113, 'Beef', 'Beef Slice', 'kg', 8.30, 5.00, 0.01, '2011-07-20 14:54:30'),
(88, 'm. m', 127, 'on CTF', 'chicken thigh fillet on', 'kg', 6.20, 2.00, 0.01, '2011-07-20 14:54:30'),
(88, 'm. m', 128, 'offB/F', 'chicken breast fillet off', 'kg', 8.00, 10.00, 0.01, '2011-07-20 14:54:30'),
(89, '166-174', 29, 'CH', 'Chunk Roll', 'kg', 6.50, 4.30, 0.01, '2011-07-20 14:56:36'),
(89, '166-174', 128, 'offB/F', 'chicken breast fillet off', 'kg', 8.00, 20.00, 0.01, '2011-07-20 14:56:36'),
(89, '166-174', 138, 'V', 'Veal', 'kg', 11.50, 3.40, 0.01, '2011-07-20 14:56:36'),
(90, 'Jay', 108, '1CMF off ', 'Chicken merryland off 1', 'kg', 5.50, 10.00, 0.01, '2011-07-20 14:57:35'),
(90, 'Jay', 128, 'offB/F', 'chicken breast fillet off', 'kg', 8.00, 20.00, 0.01, '2011-07-20 14:57:35'),
(90, 'Jay', 27, 'K', 'Knuckle', 'kg', 6.50, 9.60, 0.00, '2011-07-20 15:08:23'),
(90, 'Jay', 29, 'CH', 'Chunk Roll', 'kg', 6.50, 7.00, 0.00, '2011-07-20 15:08:23'),
(92, 'Shin Sei Ki', 43, 'PF1', 'Pork Fillet 1', 'kg', 11.00, 2.36, 0.01, '2011-07-21 08:30:07'),
(92, 'Shin Sei Ki', 46, 'PFAT', 'Pork Fat', 'kg', 1.00, 0.30, 0.01, '2011-07-21 08:30:07'),
(92, 'Shin Sei Ki', 61, '1MF on', 'Merryland on 1', 'kg', 4.80, 40.00, 0.01, '2011-07-21 08:30:07'),
(92, 'Shin Sei Ki', 95, 'CBone', 'Chicken Bone', 'Tubs', 0.00, 25.00, 0.01, '2011-07-21 08:30:07'),
(92, 'Shin Sei Ki', 99, '1P/M', 'Pork Mince 1', 'kg', 5.50, 2.00, 0.01, '2011-07-21 08:30:07'),
(92, 'Shin Sei Ki', 109, '2CMF off ', 'Chicken merryland off 2', 'kg', 6.50, 45.00, 0.01, '2011-07-21 08:30:07'),
(92, 'Shin Sei Ki', 112, '2C/M ', 'Chicken Mince 2', 'kg', 6.20, 3.00, 0.01, '2011-07-21 08:30:07'),
(92, 'Shin Sei Ki', 125, '3CMon', 'chicken merryland on 3', 'kg', 5.00, 10.00, 0.01, '2011-07-21 08:30:07'),
(92, 'Shin Sei Ki', 126, 'offCTF', 'chicken thigh fillet off', 'kg', 7.00, 9.00, 0.01, '2011-07-21 08:30:07'),
(92, 'Shin Sei Ki', 128, 'offB/F', 'chicken breast fillet off', 'kg', 8.00, 2.00, 0.01, '2011-07-21 08:30:07'),
(92, 'Shin Sei Ki', 129, 'PBS', 'Pork belly slice', 'kg', 8.50, 0.50, 0.01, '2011-07-21 08:30:07'),
(92, 'Shin Sei Ki', 131, '1PN', 'pork neck', 'kg', 8.00, 15.86, 0.01, '2011-07-21 08:30:07'),
(92, 'Shin Sei Ki', 48, 'QU', 'Quail', 'kg', 14.20, 2.00, 0.00, '2011-07-21 08:31:16'),
(93, 'Buthcer Shop', 147, '2CW', 'Chicken wing 2', 'kg', 1.50, 60.00, 0.01, '2011-07-21 08:42:14'),
(95, 'Ryde', 126, 'offCTF', 'chicken thigh fillet off', 'kg', 7.00, 5.00, 0.01, '2011-07-21 09:16:27'),
(95, 'Ryde', 96, '1C/M', 'Chicken Mince', 'kg', 5.60, 2.00, 0.01, '2011-07-21 09:16:27'),
(95, 'Ryde', 30, '1BDiced', 'Beef Diced 1', 'kg', 6.50, 10.00, 0.01, '2011-07-21 09:16:27'),
(95, 'Ryde', 28, 'R1', 'Beef Rump 1', 'kg', 7.50, 5.00, 0.01, '2011-07-21 09:16:27'),
(95, 'Ryde', 128, 'offB/F', 'chicken breast fillet off', 'kg', 8.00, 15.00, 0.01, '2011-07-21 09:16:27'),
(95, 'Ryde', 148, '2ML', 'Chicken merryland 2', 'kg', 3.40, 2.60, 0.01, '2011-07-21 09:16:27'),
(96, 'Yummi', 39, 'Pork', 'Pork', 'kg', 8.50, 5.00, 0.01, '2011-07-21 09:19:18'),
(96, 'Yummi', 113, 'Beef', 'Beef Slice', 'kg', 8.30, 5.00, 0.01, '2011-07-21 09:19:18'),
(96, 'Yummi', 128, 'offB/F', 'chicken breast fillet off', 'kg', 8.00, 10.00, 0.01, '2011-07-21 09:19:18'),
(97, '15 ', 113, 'Beef', 'Beef Slice', 'kg', 8.30, 2.00, 0.01, '2011-07-21 09:21:46'),
(97, '15 ', 126, 'offCTF', 'chicken thigh fillet off', 'kg', 7.00, 2.00, 0.01, '2011-07-21 09:21:46'),
(97, '15 ', 128, 'offB/F', 'chicken breast fillet off', 'kg', 8.00, 15.00, 0.01, '2011-07-21 09:21:46'),
(97, '15 ', 29, 'CH', 'Chunk Roll', 'kg', 6.50, 4.30, 0.00, '2011-07-21 09:22:25'),
(108, 'Power 2', 104, '2BDiced', 'Beef diced 2', 'kg', 6.70, 10.00, 0.01, '2011-07-21 11:39:22'),
(107, 'Satang', 113, 'Beef', 'Beef Slice', 'kg', 8.30, 10.00, 0.00, '2011-07-21 12:07:04'),
(111, 'Satang Thai', 142, '2CF', 'Chicken fillet 2', 'kg', 6.00, 20.00, 0.01, '2011-07-21 12:08:20'),
(107, 'Satang', 138, 'V', 'Veal', 'kg', 11.50, 1.00, 0.01, '2011-07-21 11:31:28'),
(107, 'Satang', 128, 'offB/F', 'chicken breast fillet off', 'kg', 8.00, 10.00, 0.01, '2011-07-21 11:31:28'),
(106, '249', 149, 'R4', 'Beef rump 4', 'kg', 7.80, 2.20, 0.00, '2011-07-21 11:27:27'),
(106, '249', 128, 'offB/F', 'chicken breast fillet off', 'kg', 8.00, 15.00, 0.01, '2011-07-21 11:25:57'),
(106, '249', 138, 'V', 'Veal', 'kg', 11.50, 8.00, 0.00, '2011-07-21 11:32:04'),
(106, '249', 62, 'W', 'Chicken Wing', 'kg', 2.00, 10.00, 0.01, '2011-07-21 11:25:57'),
(106, '249', 39, 'Pork', 'Pork', 'kg', 8.50, 5.00, 0.01, '2011-07-21 11:25:57'),
(106, '249', 29, 'CH', 'Chunk Roll', 'kg', 6.50, 15.00, 0.01, '2011-07-21 11:25:57'),
(105, '324', 146, '4CML', 'chicken merryland off 4', 'kg', 6.30, 10.00, 0.01, '2011-07-21 11:24:14'),
(105, '324', 128, 'offB/F', 'chicken breast fillet off', 'kg', 8.00, 10.00, 0.01, '2011-07-21 11:24:14'),
(105, '324', 40, 'Loin', 'Chicken Tender Loin', 'kg', 8.00, 10.00, 0.01, '2011-07-21 11:24:14'),
(104, '337', 40, 'Loin', 'Chicken Tender Loin', 'kg', 8.00, 12.00, 0.01, '2011-07-21 11:23:07'),
(100, 'Noodlebar', 39, 'Pork', 'Pork', 'kg', 8.50, 4.00, 0.01, '2011-07-21 09:35:16'),
(100, 'Noodlebar', 113, 'Beef', 'Beef Slice', 'kg', 8.30, 6.00, 0.01, '2011-07-21 09:35:16'),
(100, 'Noodlebar', 128, 'offB/F', 'chicken breast fillet off', 'kg', 8.00, 25.00, 0.01, '2011-07-21 09:35:16'),
(101, 'Platform Thai', 40, 'Loin', 'Chicken Tender Loin', 'kg', 8.00, 20.00, 0.01, '2011-07-21 09:37:09'),
(101, 'Platform Thai', 62, 'W', 'Chicken Wing', 'kg', 2.00, 5.00, 0.01, '2011-07-21 09:37:09'),
(101, 'Platform Thai', 100, 'R2', 'Beef Rump 2', 'kg', 7.90, 10.60, 0.01, '2011-07-21 09:37:09'),
(101, 'Platform Thai', 107, '2MF on', 'Chicken merryland on 2', 'kg', 5.50, 5.00, 0.01, '2011-07-21 09:37:09'),
(101, 'Platform Thai', 128, 'offB/F', 'chicken breast fillet off', 'kg', 8.00, 5.00, 0.01, '2011-07-21 09:37:09'),
(102, '382', 102, '3B/M', 'Beef Mince  3', 'kg', 5.00, 3.00, 0.01, '2011-07-21 09:38:42'),
(102, '382', 112, '2C/M ', 'Chicken Mince 2', 'kg', 6.20, 3.00, 0.01, '2011-07-21 09:38:42'),
(102, '382', 128, 'offB/F', 'chicken breast fillet off', 'kg', 8.00, 15.20, 0.01, '2011-07-21 09:38:42'),
(103, 'Thai Riffic Center Point', 113, 'Beef', 'Beef Slice', 'kg', 8.30, 10.00, 0.01, '2011-07-21 09:44:18'),
(103, 'Thai Riffic Center Point', 115, 'PF2', 'Pork fillet 2', 'kg', 11.50, 1.10, 0.01, '2011-07-21 09:44:18'),
(103, 'Thai Riffic Center Point', 127, 'on CTF', 'chicken thigh fillet on', 'kg', 6.20, 2.00, 0.01, '2011-07-21 09:44:18'),
(103, 'Thai Riffic Center Point', 128, 'offB/F', 'chicken breast fillet off', 'kg', 8.00, 45.00, 0.01, '2011-07-21 09:44:18'),
(108, 'Power 2', 113, 'Beef', 'Beef Slice', 'kg', 8.30, 10.00, 0.01, '2011-07-21 11:39:22'),
(108, 'Power 2', 128, 'offB/F', 'chicken breast fillet off', 'kg', 8.00, 30.00, 0.01, '2011-07-21 11:39:22'),
(108, 'Power 2', 148, '2ML', 'Chicken merryland 2', 'kg', 3.40, 7.90, 0.01, '2011-07-21 11:39:22'),
(109, 'Thai On Work', 128, 'offB/F', 'chicken breast fillet off', 'kg', 8.00, 25.00, 0.01, '2011-07-21 11:42:30'),
(109, 'Thai On Work', 39, 'Pork', 'Pork', 'kg', 8.50, 2.20, 0.00, '2011-07-21 11:58:01'),
(109, 'Thai On Work', 139, 'BS', 'Scotch fillet', 'kg', 16.00, 5.80, 0.01, '2011-07-21 11:42:30'),
(109, 'Thai On Work', 138, 'V', 'Veal', 'kg', 11.50, 8.00, 0.01, '2011-07-21 11:42:30'),
(106, '249', 40, 'Loin', 'Chicken Tender Loin', 'kg', 8.00, 5.00, 0.00, '2011-07-21 11:44:13'),
(109, 'Thai On Work', 126, 'offCTF', 'chicken thigh fillet off', 'kg', 7.00, 7.00, 0.00, '2011-07-21 11:47:25'),
(109, 'Thai On Work', 127, 'on CTF', 'chicken thigh fillet on', 'kg', 6.20, 5.00, 0.00, '2011-07-21 11:47:25'),
(110, '2-135 Wok Station', 39, 'Pork', 'Pork', 'kg', 8.50, 3.00, 0.01, '2011-07-21 11:48:53'),
(110, '2-135 Wok Station', 113, 'Beef', 'Beef Slice', 'kg', 8.30, 3.00, 0.01, '2011-07-21 11:48:53'),
(110, '2-135 Wok Station', 128, 'offB/F', 'chicken breast fillet off', 'kg', 8.00, 15.00, 0.01, '2011-07-21 11:48:53'),
(108, 'Power 2', 58, 'CDS', 'Chicken Drum Stick', 'kg', 3.00, 2.00, 0.00, '2011-07-21 11:50:32'),
(108, 'Power 2', 66, 'C12', 'Chicken 12', 'kg', 7.00, 1.00, 0.00, '2011-07-21 11:50:32'),
(112, '27 Home ', 40, 'Loin', 'Chicken Tender Loin', 'kg', 8.00, 3.00, 0.01, '2011-07-21 12:12:19'),
(112, '27 Home ', 119, 'Belly', 'Pork belly', 'kg', 8.00, 2.00, 0.01, '2011-07-21 12:12:19'),
(112, '27 Home ', 128, 'offB/F', 'chicken breast fillet off', 'kg', 8.00, 10.00, 0.01, '2011-07-21 12:12:19'),
(113, 'Papaya', 62, 'W', 'Chicken Wing', 'kg', 2.00, 5.00, 0.01, '2011-07-21 12:13:31'),
(113, 'Papaya', 126, 'offCTF', 'chicken thigh fillet off', 'kg', 7.00, 10.00, 0.01, '2011-07-21 12:13:31'),
(113, 'Papaya', 128, 'offB/F', 'chicken breast fillet off', 'kg', 8.00, 20.00, 0.01, '2011-07-21 12:13:31'),
(114, '60-62', 128, 'offB/F', 'chicken breast fillet off', 'kg', 8.00, 15.00, 0.01, '2011-07-21 12:18:48'),
(115, '78', 150, '3CF', 'Chicken fillet 3', 'kg', 5.60, 20.00, 0.01, '2011-07-21 12:22:46'),
(115, '78', 151, '3CM', 'Chicken Mince 3', 'kg', 5.30, 10.00, 0.01, '2011-07-21 12:22:46'),
(116, ' 6/60', 26, '1BTS', 'Beef Top side 1', 'kg', 8.00, 5.00, 0.01, '2012-01-17 10:17:05'),
(116, ' 6/60', 29, 'CH', 'Chunk Roll', 'kg', 6.50, 5.00, 0.01, '2012-01-17 10:17:05'),
(116, ' 6/60', 30, '1BDiced', 'Beef Diced 1', 'kg', 6.50, 4.00, 0.01, '2012-01-17 10:17:05'),
(118, '253', 5, 'PS', 'Pork Slice', 'KG', 8.50, 1.00, 0.00, '2012-01-17 17:50:47'),
(118, '253', 27, 'K', 'Knuckle', 'kg', 6.50, 2.00, 0.00, '2012-01-17 17:50:47'),
(118, '253', 30, '1BDiced', 'Beef Diced 1', 'kg', 6.50, 14.00, 0.00, '2012-01-17 17:50:47'),
(119, '253', 26, '1BTS', 'Beef Top side 1', 'kg', 8.00, 1.00, 0.00, '2012-01-25 14:37:14'),
(122, '253', 5, 'PS', 'Pork Slice', 'KG', 8.50, 2000.00, 0.00, '2012-02-10 16:05:03'),
(121, ' 6/60', 5, 'PS', 'Pork Slice', 'KG', 8.50, 1.00, 0.01, '2012-01-25 14:41:45'),
(121, ' 6/60', 26, '1BTS', 'Beef Top side 1', 'kg', 8.00, 0.00, 16.00, '2012-01-25 14:41:45'),
(122, '253', 27, 'K', 'Knuckle', 'kg', 6.50, 1.00, 0.00, '2012-02-10 16:05:03'),
(123, ' 6/60', 5, 'PS', 'Pork Slice', 'KG', 8.50, 1.00, 0.01, '2012-02-10 16:12:47'),
(123, ' 6/60', 26, '1BTS', 'Beef Top side 1', 'kg', 8.00, 1.00, 0.01, '2012-02-10 16:12:47'),
(124, '1/1 Cielo', 5, 'PS', 'Pork Slice', 'KG', 8.50, 1.00, 0.01, '2012-02-10 16:19:55'),
(124, '1/1 Cielo', 26, '1BTS', 'Beef Top side 1', 'kg', 8.00, 1.00, 0.01, '2012-02-10 16:19:55'),
(125, '1/125 Metang', 5, 'PS', 'Pork Slice', 'KG', 8.50, 6.00, 0.00, '2012-02-11 10:59:00'),
(132, ' 6/60', 26, '1BTS', 'Beef Top side 1', 'kg', 8.00, 26.00, 0.00, '2012-02-16 12:20:37'),
(130, '1/3', 5, 'PS', 'Pork Slice', 'KG', 8.50, 1.00, 0.00, '2012-02-12 10:41:29'),
(130, '1/3', 26, '1BTS', 'Beef Top side 1', 'kg', 8.00, 2.00, 0.00, '2012-02-12 10:41:29'),
(130, '1/3', 27, 'K', 'Knuckle', 'kg', 6.50, 3.00, 0.00, '2012-02-12 10:41:29'),
(131, '121 Seeda', 5, 'PS', 'Pork Slice', 'KG', 8.50, 1.00, 0.00, '2012-02-12 10:43:21'),
(132, ' 6/60', 119, 'Belly', 'Pork belly', 'kg', 8.00, 120.00, 0.00, '2012-02-16 12:20:37'),
(132, ' 6/60', 128, 'offB/F', 'Chicken breast fillet off', 'kg', 8.00, 128.00, 0.00, '2012-02-16 12:20:37'),
(132, ' 6/60', 29, 'CH', 'Chunk Roll', 'kg', 6.50, 29.00, 0.00, '2012-02-16 12:20:37'),
(132, ' 6/60', 30, '1BDiced', 'Beef Diced 1', 'kg', 6.50, 30.00, 0.00, '2012-02-16 12:20:37'),
(132, ' 6/60', 39, 'Pork', 'Pork', 'kg', 8.50, 39.00, 0.00, '2012-02-16 12:20:37'),
(132, ' 6/60', 40, 'Loin', 'Chicken Tender Loin', 'kg', 8.00, 40.00, 0.00, '2012-02-16 12:20:37'),
(132, ' 6/60', 5, 'PS', 'Pork Slice', 'KG', 8.50, 5.00, 0.00, '2012-02-16 12:20:37'),
(133, ' 6/60', 119, 'Belly', 'Pork belly', 'kg', 8.00, 119.00, 0.00, '2012-02-16 12:21:35'),
(133, ' 6/60', 128, 'offB/F', 'Chicken breast fillet off', 'kg', 8.00, 128.00, 0.00, '2012-02-16 12:21:35'),
(133, ' 6/60', 26, '1BTS', 'Beef Top side 1', 'kg', 8.00, 26.00, 0.00, '2012-02-16 12:21:35'),
(133, ' 6/60', 29, 'CH', 'Chunk Roll', 'kg', 6.50, 29.00, 0.00, '2012-02-16 12:21:35'),
(133, ' 6/60', 30, '1BDiced', 'Beef Diced 1', 'kg', 6.50, 30.00, 0.00, '2012-02-16 12:21:35'),
(133, ' 6/60', 39, 'Pork', 'Pork', 'kg', 8.50, 39.00, 0.00, '2012-02-16 12:21:35'),
(133, ' 6/60', 40, 'Loin', 'Chicken Tender Loin', 'kg', 8.00, 40.00, 0.00, '2012-02-16 12:21:35'),
(133, ' 6/60', 5, 'PS', 'Pork Slice', 'KG', 8.50, 5.00, 0.00, '2012-02-16 12:21:35'),
(134, ' 6/60', 119, 'Belly', 'Pork belly', 'kg', 8.00, 120.00, 0.00, '2012-02-16 12:27:50'),
(134, ' 6/60', 128, 'offB/F', 'Chicken breast fillet off', 'kg', 8.00, 128.00, 0.00, '2012-02-16 12:27:50'),
(134, ' 6/60', 26, '1BTS', 'Beef Top side 1', 'kg', 8.00, 26.00, 0.00, '2012-02-16 12:27:50'),
(134, ' 6/60', 29, 'CH', 'Chunk Roll', 'kg', 6.50, 29.00, 0.00, '2012-02-16 12:27:50'),
(134, ' 6/60', 30, '1BDiced', 'Beef Diced 1', 'kg', 6.50, 30.00, 0.00, '2012-02-16 12:27:50'),
(134, ' 6/60', 39, 'Pork', 'Pork', 'kg', 8.50, 39.00, 0.00, '2012-02-16 12:27:50'),
(134, ' 6/60', 40, 'Loin', 'Chicken Tender Loin', 'kg', 8.00, 40.00, 0.00, '2012-02-16 12:27:50'),
(134, ' 6/60', 5, 'PS', 'Pork Slice', 'KG', 8.50, 5.00, 0.00, '2012-02-16 12:27:50'),
(135, '208', 5, 'PS', 'Pork Slice', 'KG', 8.50, 2.00, 0.00, '2012-02-16 12:29:06'),
(135, '208', 26, '1BTS', 'Beef Top side 1', 'kg', 8.00, 3.00, 0.00, '2012-02-16 12:29:06'),
(136, '76', 5, 'PS', 'Pork Slice', 'KG', 8.50, 1.00, 0.00, '2012-02-16 12:30:33'),
(136, '76', 26, '1BTS', 'Beef Top side 1', 'kg', 8.00, 1.00, 0.00, '2012-02-16 12:30:33'),
(137, ' 6/60', 5, 'PS', 'Pork Slice', 'KG', 8.50, 5.00, 0.00, '2012-02-18 11:32:00'),
(137, ' 6/60', 40, 'Loin', 'Chicken Tender Loin', 'kg', 8.00, 41.00, 0.00, '2012-02-18 11:32:00'),
(137, ' 6/60', 39, 'Pork', 'Pork', 'kg', 8.50, 39.00, 0.00, '2012-02-18 11:32:00'),
(137, ' 6/60', 30, '1BDiced', 'Beef Diced 1', 'kg', 6.50, 30.00, 0.00, '2012-02-18 11:32:00'),
(137, ' 6/60', 29, 'CH', 'Chunk Roll', 'kg', 6.50, 29.00, 0.00, '2012-02-18 11:32:00'),
(137, ' 6/60', 26, '1BTS', 'Beef Top side 1', 'kg', 8.00, 26.00, 0.00, '2012-02-18 11:32:00'),
(137, ' 6/60', 128, 'offB/F', 'Chicken breast fillet off', 'kg', 8.00, 128.00, 0.00, '2012-02-18 11:32:00'),
(137, ' 6/60', 119, 'Belly', 'Pork belly', 'kg', 8.00, 120.00, 0.00, '2012-02-18 11:32:00'),
(138, ' 6/60', 5, 'PS', 'Pork Slice', 'KG', 8.50, 5.00, 0.00, '2012-02-18 14:04:26'),
(138, ' 6/60', 40, 'Loin', 'Chicken Tender Loin', 'kg', 8.00, 42.00, 0.00, '2012-02-18 14:04:26'),
(138, ' 6/60', 39, 'Pork', 'Pork', 'kg', 8.50, 39.00, 0.00, '2012-02-18 14:04:26'),
(138, ' 6/60', 30, '1BDiced', 'Beef Diced 1', 'kg', 6.50, 30.00, 0.00, '2012-02-18 14:04:26'),
(138, ' 6/60', 29, 'CH', 'Chunk Roll', 'kg', 6.50, 29.00, 0.00, '2012-02-18 14:04:26'),
(138, ' 6/60', 26, '1BTS', 'Beef Top side 1', 'kg', 8.00, 26.00, 0.00, '2012-02-18 14:04:26'),
(138, ' 6/60', 128, 'offB/F', 'Chicken breast fillet off', 'kg', 8.00, 128.00, 0.00, '2012-02-18 14:04:26'),
(138, ' 6/60', 119, 'Belly', 'Pork belly', 'kg', 8.00, 120.00, 0.00, '2012-02-18 14:04:26'),
(139, ' 6/60', 5, 'PS', 'Pork Slice', 'KG', 8.50, 5.00, 0.00, '2012-02-25 13:51:17'),
(139, ' 6/60', 40, 'Loin', 'Chicken Tender Loin', 'kg', 8.00, 42.00, 0.00, '2012-02-25 13:51:17'),
(139, ' 6/60', 39, 'Pork', 'Pork', 'kg', 8.50, 39.00, 0.00, '2012-02-25 13:51:17'),
(139, ' 6/60', 30, '1BDiced', 'Beef Diced 1', 'kg', 6.50, 30.00, 0.00, '2012-02-25 13:51:17'),
(139, ' 6/60', 29, 'CH', 'Chunk Roll', 'kg', 6.50, 29.00, 0.00, '2012-02-25 13:51:17'),
(139, ' 6/60', 26, '1BTS', 'Beef Top side 1', 'kg', 8.00, 26.00, 0.00, '2012-02-25 13:51:17'),
(139, ' 6/60', 128, 'offB/F', 'Chicken breast fillet off', 'kg', 8.00, 128.00, 0.00, '2012-02-25 13:51:17'),
(139, ' 6/60', 119, 'Belly', 'Pork belly', 'kg', 8.00, 120.00, 0.00, '2012-02-25 13:51:17'),
(140, '1/43 Blaxland', 40, 'Loin', 'Chicken Tenderlion', 'kg', 8.00, 2.00, 0.00, '2013-01-03 10:39:57'),
(140, '1/43 Blaxland', 55, 'on B/F', 'Breast Fillet on', 'kg', 7.80, 2.00, 0.00, '2013-01-03 10:39:57'),
(141, '1/43 Blaxland', 97, 'T', 'Chicken Thigh', 'kg', 6.80, 3.00, 0.00, '2013-01-06 10:16:29'),
(141, '1/43 Blaxland', 40, 'Loin', 'Chicken Tenderlion', 'kg', 8.00, 2.00, 0.00, '2013-01-06 10:16:29'),
(141, '1/43 Blaxland', 55, 'on B/F', 'Breast Fillet on', 'kg', 7.80, 2.00, 0.00, '2013-01-06 10:16:29'),
(0, '', 98, '1B/M', 'Beef Mince 1', 'kg', 4.50, 1.00, 0.00, '2011-07-20 00:00:00'),
(0, '', 30, '1BDiced', 'Beef Diced 1', 'kg', 6.50, 1.00, 0.00, '2011-07-20 00:00:00'),
(0, '', 31, '1BTB', 'Beef T/bone 1', 'kg', 12.00, 1.00, 0.00, '2011-07-20 00:00:00'),
(0, '1/1 Cielo', 98, '1B/M', 'Beef Mince 1', 'kg', 4.50, 1.00, 0.00, '2011-07-20 00:00:00'),
(0, '1/1 Cielo', 30, '1BDiced', 'Beef Diced 1', 'kg', 6.50, 1.00, 0.00, '2011-07-20 00:00:00'),
(0, '1/1 Cielo', 31, '1BTB', 'Beef T/bone 1', 'kg', 12.00, 2.00, 0.00, '2011-07-20 00:00:00');

-- --------------------------------------------------------

--
-- Table structure for table `orderinfo`
--

CREATE TABLE IF NOT EXISTS `orderinfo` (
  `OrderID` int(10) NOT NULL AUTO_INCREMENT,
  `CompanyName` varchar(50) CHARACTER SET utf8 NOT NULL,
  `DeliveryDate` date NOT NULL,
  `Comment` text CHARACTER SET utf8 NOT NULL,
  `Driver` varchar(20) CHARACTER SET utf8 NOT NULL,
  `Status` varchar(15) CHARACTER SET utf8 NOT NULL,
  `Address` varchar(100) CHARACTER SET utf8 NOT NULL,
  `Suburb` varchar(20) CHARACTER SET utf8 NOT NULL,
  `Area` varchar(10) CHARACTER SET utf8 NOT NULL,
  `Postcode` varchar(10) CHARACTER SET utf8 NOT NULL,
  `TotalQty` float(8,2) NOT NULL DEFAULT '0.00',
  `TotalPrice` float(8,2) NOT NULL DEFAULT '0.00',
  `OrderDate` date NOT NULL,
  `CompleteDate` date NOT NULL,
  `ContactName` varchar(50) CHARACTER SET utf8 NOT NULL,
  PRIMARY KEY (`OrderID`),
  KEY `OrderID` (`OrderID`)
) ENGINE=MyISAM  DEFAULT CHARSET=latin1 AUTO_INCREMENT=151 ;

--
-- Dumping data for table `orderinfo`
--

INSERT INTO `orderinfo` (`OrderID`, `CompanyName`, `DeliveryDate`, `Comment`, `Driver`, `Status`, `Address`, `Suburb`, `Area`, `Postcode`, `TotalQty`, `TotalPrice`, `OrderDate`, `CompleteDate`, `ContactName`) VALUES
(62, ' 6/60', '2011-07-20', '', 'GaoYong', 'New', '6/60 Union st', 'Pyrmont', 'Area1', '2009', 54.50, 438.50, '2011-07-20', '2011-07-20', ''),
(61, '299', '2011-07-20', '', 'GaoYong', 'New', '299 Sussex St', 'Sydney', 'Area1', '', 110.00, 836.20, '2011-07-20', '2011-07-20', ''),
(59, '574', '2011-07-20', '', 'GaoYong', 'New', '574 Darling Street', 'ROZELLE', 'Area2', '2039', 63.00, 465.00, '2011-07-20', '2011-07-20', ''),
(60, 'Thai Riffic Center Point', '2011-07-20', '', 'GaoYong', 'New', '', '', 'Area1', '', 52.70, 424.81, '2011-07-20', '2011-07-20', ''),
(57, 'Shin Sei Ki', '2011-07-20', '', 'Ray', 'New', '', '', 'Area1', '', 166.80, 951.85, '2011-07-20', '2011-07-20', ''),
(58, '1/125 Metang', '2011-07-20', '', 'GaoYong', 'New', '1/125 Great North Rd', 'Five Dock', 'Area2', '2046', 35.00, 393.20, '2011-07-20', '2011-07-20', ''),
(63, '193 Thai On Work', '2011-07-20', '', 'Ray', 'New', '1193 Glebe Point Rd', 'Glebe', 'Area1', '2037', 68.80, 551.40, '2011-07-20', '2011-07-20', ''),
(64, '249', '2011-07-20', '', 'Ray', 'New', '249 Glebe Point Road', 'GLEBE', 'Area1', '2037', 41.20, 306.80, '2011-07-20', '2011-07-20', ''),
(65, '2-135 Wok Station', '2011-07-20', '', 'Ray', 'New', '135 Harris st', 'Pyrmont', 'Area1', '2009', 28.00, 221.20, '2011-07-20', '2011-07-20', ''),
(66, 'Satang', '2011-07-20', '', 'Ray', 'New', 'Shop 203/107-121, Quay st', 'Haymarket', 'Area1', '2000', 40.00, 328.00, '2011-07-20', '2011-07-20', ''),
(67, 'Satang Thai', '2011-07-20', '', 'Ray', 'New', '20 Quay Street ', 'HAYMARKET', 'Area1', '2000', 20.00, 120.00, '2011-07-20', '2011-07-20', ''),
(68, 'Papaya', '2011-07-20', '', 'Ray', 'New', 'shop28/23-33 Middenden Rd', 'Camperdown', 'Area1', '2050', 20.00, 160.00, '2011-07-20', '2011-07-20', ''),
(69, '27 Home ', '2011-07-20', '', 'Ray', 'New', '27 Glebe Point Road', 'Glebe', 'Area1', '2037', 23.20, 187.74, '2011-07-20', '2011-07-20', ''),
(70, '60-62', '2011-07-20', '', 'Gordon', 'New', '60-62 Foveaux Street', 'SURRY HILLS', 'Area1', '2010', 30.60, 241.90, '2011-07-20', '2011-07-20', ''),
(71, '337', '2011-07-20', '', 'Gordon', 'New', '337 King Street', 'Newtown', 'Area1', '2042', 55.80, 437.40, '2011-07-20', '2011-07-20', ''),
(72, '324', '2011-07-20', '', 'Gordon', 'New', '324 King St, Newtown', 'Newtown', 'Area1', '2042', 40.00, 556.50, '2011-07-20', '2011-07-20', ''),
(73, 'Power 2', '2011-07-20', '', 'Gordon', 'New', '220 Addison rd', 'Marrickville', 'Area1', '', 76.17, 920.64, '2011-07-20', '2011-07-20', ''),
(74, '78', '2011-07-20', '', 'Gordon', 'New', '78 Devonshire Street', 'SURRY HILLS', 'Area1', '2010', 27.60, 229.80, '2011-07-20', '2011-07-20', ''),
(75, '2/157 Monkey', '2011-07-20', '', 'Ray', 'New', 'Shop 2, 157 Oxford st', 'Bondi Junction', 'Area3', '2022', 21.90, 160.80, '2011-07-20', '2011-07-20', ''),
(76, 'Kuk', '2011-07-20', '', 'Ray', 'New', '144 Queen Street', 'WOLLAHRA', 'Area3', '2025', 5.00, 42.50, '2011-07-20', '2011-07-20', ''),
(77, '5 Noodle Bar', '2011-07-20', '', 'Ray', 'New', 'L5, Caf   Court', 'WESTFIELD BONDI', 'Area3', '2022', 32.10, 255.40, '2011-07-20', '2011-07-20', ''),
(78, 'no.1', '2011-07-20', '', 'Ray', 'New', '1 Norton st', 'Leichhardt', 'Area1', '', 5.00, 22.50, '2011-07-20', '2011-07-20', ''),
(79, 'Intra Thai', '2011-07-20', '', 'Ray', 'New', '88-90 Curlewis Street', 'BONDI BEACH', 'Area3', '2026', 95.30, 664.65, '2011-07-20', '2011-07-20', ''),
(80, '1115', '2011-07-20', '', 'GaoYong', 'New', '1115 Pittwater rd', 'Collaroy', 'Area4', '', 35.00, 259.00, '2011-07-20', '2011-07-20', ''),
(81, '1425', '2011-07-20', '', 'GaoYong', 'New', '1425 Pittwater rd', 'Narrabeen', 'Area4', '2101', 139.00, 1205.15, '2011-07-20', '2011-07-20', ''),
(82, '3/107', '2011-07-20', '', 'GaoYong', 'New', 'shop 3/107 Alfred Street', 'NARRAWEENA', 'Area1', '2099', 40.00, 374.00, '2011-07-20', '2011-07-20', ''),
(83, '1431', '2011-07-20', '', 'GaoYong', 'New', '1/1431 Pittwater Rd', 'Narrabeen', 'Area4', '2101', 40.00, 252.00, '2011-07-20', '2011-07-20', ''),
(84, '315A Bhaji ', '2011-07-20', '', 'GaoYong', 'New', '315a, Barranjoey rd', 'Newport', 'Area4', '2106', 45.00, 375.00, '2011-07-20', '2011-07-20', ''),
(85, 'Somnuk', '2011-07-20', '', 'GaoYong', 'New', '323A, Barrenjoey rd', 'Newport', 'Area4', '', 27.50, 209.75, '2011-07-20', '2011-07-20', ''),
(86, '17 Angle', '2011-07-20', '', 'GaoYong', 'New', '17 Babbage rd', 'Roseville Chase', 'Area4', '2069', 49.40, 439.96, '2011-07-20', '2011-07-20', ''),
(87, '1354', '2011-07-20', '', 'GaoYong', 'New', '1354 Pittwater Road', 'NARRABEEN ', 'Area4', '2101', 100.00, 824.50, '2011-07-20', '2011-07-20', ''),
(88, 'm. m', '2011-07-20', '', 'Gordon', 'New', 'Shop 7, 713-715 Military Road', 'MOSMAN', 'Area4', '2088', 17.00, 133.90, '2011-07-20', '2011-07-20', ''),
(89, '166-174 Sam', '2011-07-20', '', 'Gordon', 'New', '166-174 Military Road', 'NEUTRAL BAY', 'Area4', '2089', 27.70, 227.05, '2011-07-20', '2011-07-20', ''),
(90, 'Jay', '2011-07-20', '', 'Gordon', 'New', 'Shop 8, 81-91 Military rd', 'Neutral Bay', 'Area4', '2089', 46.60, 322.90, '2011-07-20', '2011-07-20', ''),
(92, 'Shin Sei Ki', '2011-07-21', '', '', 'New', '', '', 'Area1', '', 157.02, 828.89, '2011-07-21', '2011-07-21', ''),
(93, 'Buthcer Shop', '2011-07-21', '', '', 'New', '', '', 'Area1', '', 60.00, 90.00, '2011-07-21', '2011-07-21', ''),
(95, 'Ryde', '2011-07-21', '', '', 'New', 'Shop4/144-148, Cox s rd', 'North Ryde', 'Area1', '', 39.60, 277.54, '2011-07-21', '2011-07-21', ''),
(96, 'Yummi', '2011-07-21', '', '', 'New', 'Shop F8, Sussex Centre, 401 Sussex St', 'City', 'Area1', '', 20.00, 164.00, '2011-07-21', '2011-07-21', ''),
(97, '15 ', '2011-07-21', '', '', 'New', '15 Hayes Street', 'NEUTRAL BAY', 'Area4', '2089', 23.30, 178.55, '2011-07-21', '2011-07-21', ''),
(105, '324', '2011-07-21', '', '', 'New', '324 King St, Newtown', 'Newtown', 'Area1', '2042', 30.00, 223.00, '2011-07-21', '2011-07-21', ''),
(104, '337', '2011-07-21', '', '', 'New', '337 King Street', 'Newtown', 'Area1', '2042', 12.00, 96.00, '2011-07-21', '2011-07-21', ''),
(100, 'Noodlebar', '2011-07-21', '', '', 'New', '388 Darling st', 'Balmain', 'Area2', '', 35.00, 283.80, '2011-07-21', '2011-07-21', ''),
(101, 'Platform Thai', '2011-07-21', '', '', 'New', 'Shop 8 Cross st', 'Breakfast Point', 'Area2', '2137', 45.60, 321.24, '2011-07-21', '2011-07-21', ''),
(102, '382', '2011-07-21', '', '', 'New', '382 Darling st', 'Balmain', 'Area2', '2041', 21.20, 155.20, '2011-07-21', '2011-07-21', ''),
(103, 'Thai Riffic Center Point', '2011-07-21', '', '', 'New', '', '', 'Area1', '', 58.10, 468.05, '2011-07-21', '2011-07-21', ''),
(106, '249', '2011-07-21', '', '', 'New', '249 Glebe Point Road', 'GLEBE', 'Area1', '2037', 60.20, 429.16, '2011-07-21', '2011-07-21', ''),
(107, 'Satang', '2011-07-21', '', '', 'New', 'Shop 203/107-121, Quay st', 'Haymarket', 'Area1', '2000', 21.00, 174.50, '2011-07-21', '2011-07-21', ''),
(108, 'Power 2', '2011-07-21', '', '', 'New', '220 Addison rd', 'Marrickville', 'Area1', '', 60.90, 429.86, '2011-07-21', '2011-07-21', ''),
(109, '193 Thai On Work', '2011-07-21', '', '', 'New', '1193 Glebe Point Rd', 'Glebe', 'Area1', '2037', 53.00, 483.50, '2011-07-21', '2011-07-21', ''),
(110, '2-135 Wok Station', '2011-07-21', '', '', 'New', '2-135 Harris st', 'Pyrmont', 'Area1', '2009', 21.00, 170.40, '2011-07-21', '2011-07-21', ''),
(111, 'Satang Thai', '2011-07-21', '', '', 'New', '20 Quay Street ', 'HAYMARKET', 'Area1', '2000', 20.00, 120.00, '2011-07-21', '2011-07-21', ''),
(112, '27 Home ', '2011-07-21', '', '', 'New', '27 Glebe Point Road', 'Glebe', 'Area1', '2037', 15.00, 120.00, '2011-07-21', '2011-07-21', ''),
(113, 'Papaya', '2011-07-21', '', '', 'New', 'shop28/23-33 Middenden Rd', 'Camperdown', 'Area1', '2050', 35.00, 240.00, '2011-07-21', '2011-07-21', ''),
(114, '60-62', '2011-07-21', '', '', 'New', '60-62 Foveaux Street', 'SURRY HILLS', 'Area1', '2010', 15.00, 120.00, '2011-07-21', '2011-07-21', ''),
(115, '78', '2011-07-21', '', '', 'New', '78 Devonshire Street', 'SURRY HILLS', 'Area1', '2010', 30.00, 165.00, '2011-07-21', '2011-07-21', ''),
(116, ' 6/60', '2012-01-18', '', 'Gordon', 'Completed', '6/60 Union st', 'Pyrmont', 'Area1', '2009', 14.00, 98.50, '2012-01-17', '2012-01-17', ''),
(118, '253', '2012-01-17', '', '', 'New', '253 Bondi Road', 'BONDI', 'Area3', '2026', 17.00, 112.50, '2012-01-17', '2012-01-17', ''),
(119, '253', '2012-01-25', '', '', 'New', '253 Bondi Road', 'BONDI', 'Area3', '2026', 1.00, 8.00, '2012-01-25', '2012-01-25', ''),
(122, '253', '2012-02-10', '', '', 'New', '253 Bondi Road', 'BONDI', 'Area3', '2026', 2001.00, 17006.50, '2012-02-10', '2012-02-10', ''),
(121, ' 6/60', '2012-01-25', '', '', 'New', '6/60 Union st', 'Pyrmont', 'Area1', '2009', 4.00, 32.50, '2012-01-25', '2012-01-25', ''),
(123, ' 6/60', '2012-02-10', '', '', 'New', '6/60 Union st', 'Pyrmont', 'Area1', '2009', 2.00, 16.50, '2012-02-10', '2012-02-10', ''),
(124, '1/1 Cielo', '2012-02-10', '', '', 'New', 'Shop 1/1-5 Bourke st', 'Mascot', 'Area3', '', 2.00, 16.50, '2012-02-10', '2012-02-10', ''),
(125, '1/125 Metang', '2012-02-11', '', '', 'New', '1/125 Great North Rd', 'Five Dock', 'Area2', '2046', 6.00, 51.00, '2012-02-11', '2012-02-11', 'Me-Tang'),
(130, '1/3', '2012-02-12', '', '', 'New', 'Shop 1, 3-7 Cowell st', 'GLADESVILLE', 'Area2', '2111', 6.00, 44.00, '2012-02-12', '2012-02-12', 'Lyaia Thai Restaurant'),
(131, '121 Seeda', '2012-02-12', '', '', 'New', '121 Enmore rd', ' Enmore', 'Area1', '', 1.00, 8.50, '2012-02-12', '2012-02-12', 'Seeda Thai'),
(132, ' 6/60', '2012-02-16', '', '', 'Completed', '6/60 Union st', 'Pyrmont', 'Area1', '2009', 417.00, 3269.50, '2012-02-16', '2012-02-16', ' 555'),
(133, ' 6/60', '2012-02-16', '', '', 'Completed', '6/60 Union st', 'Pyrmont', 'Area1', '2009', 416.00, 3261.50, '2012-02-16', '2012-02-16', ' 555'),
(134, ' 6/60', '2012-02-16', '', 'GaoYong', 'Completed', '6/60 Union st', 'Pyrmont', 'Area1', '2009', 417.00, 3269.50, '2012-02-16', '2012-02-16', ' 555'),
(135, '208', '2012-02-16', '', 'Gordon', 'Completed', '208 Devonshire Street', 'SURRY HILLS', 'Area1', '2010', 5.00, 41.00, '2012-02-16', '2012-02-16', 'Devonshire Thai'),
(136, '76', '2012-02-16', '', '', 'Completed', '76 Spring Streeet', 'Bondi Junction', 'Area3', '2022', 2.00, 16.50, '2012-02-16', '2012-02-16', 'Chilli Club Thai'),
(137, ' 6/60', '2012-02-18', '', '', 'Completed', '6/60 Union st', 'Pyrmont', 'Area1', '2009', 418.00, 3277.50, '2012-02-18', '2012-02-18', ' 555'),
(138, ' 6/60', '2012-02-18', '', '', 'Completed', '6/60 Union st', 'Pyrmont', 'Area1', '2009', 419.00, 3285.50, '2012-02-18', '2012-02-18', ' 555'),
(139, ' 6/60', '2012-02-25', '', '', 'New', '6/60 Union st', 'Pyrmont', 'Area1', '2009', 419.00, 3285.50, '2012-02-25', '2012-02-25', ' 555'),
(140, '1/43 Blaxland', '2013-01-03', '', '', 'New', 'Shop 2-3, 43 Blaxland Road', 'RYDE', 'Area1', '2112', 4.00, 31.60, '2013-01-03', '2013-01-03', 'Arawah Thai'),
(141, '1/43 Blaxland', '2013-01-06', '', 'GaoYong', 'Completed', 'Shop 2-3, 43 Blaxland Road', 'RYDE', 'Area1', '2112', 7.00, 52.00, '2013-01-06', '2013-01-06', 'Arawah Thai'),
(142, '1/125 Metang', '2013-01-21', '', '', 'new', '1/125 Great North Rd', 'Five Dock', 'area', '2046', 7.00, 61.50, '0000-00-00', '0000-00-00', 'contactname'),
(143, '1/125 Metang', '2013-01-21', '', '', 'new', '1/125 Great North Rd', 'Five Dock', 'area', '2046', 7.00, 61.50, '0000-00-00', '0000-00-00', 'contactname'),
(144, '1/125 Metang', '2013-01-21', '', '', 'New', '1/125 Great North Rd', 'Five Dock', 'area', '2046', 7.00, 61.50, '0000-00-00', '0000-00-00', 'contactname'),
(145, '1/125 Metang', '2013-01-21', '', '', 'New', '1/125 Great North Rd', 'Five Dock', 'area', '2046', 7.00, 61.50, '0000-00-00', '0000-00-00', 'contactname'),
(146, '1/125 Metang', '2013-01-21', '', '', 'New', '1/125 Great North Rd', 'Five Dock', 'area', '2046', 7.00, 61.50, '2013-01-21', '0000-00-00', 'contactname'),
(147, '1/3', '2013-01-21', 'test', '', 'New', 'Shop 1, 3-7 Cowell st', 'GLADESVILLE', '', '2111', 3.00, 23.00, '2013-01-21', '0000-00-00', ''),
(148, '1/3', '2013-01-21', '', '', 'New', 'Shop 1, 3-7 Cowell st', 'GLADESVILLE', 'Area2', '2111', 3.00, 23.00, '2013-01-21', '0000-00-00', 'Lyaia Thai Restaurant'),
(149, '1/1 Cielo', '2013-01-21', '', '', 'New', 'Shop 1/1-5 Bourke st', 'Mascot', 'Area3', '', 3.00, 23.00, '2013-01-21', '0000-00-00', 'Cielo Cafe'),
(150, '1/1 Cielo', '2013-01-21', '', '', 'New', 'Shop 1/1-5 Bourke st', 'Mascot', 'Area3', '', 4.00, 35.00, '2013-01-21', '0000-00-00', 'Cielo Cafe');

-- --------------------------------------------------------

--
-- Table structure for table `order_template`
--

CREATE TABLE IF NOT EXISTS `order_template` (
  `CompanyName` varchar(50) CHARACTER SET utf8 NOT NULL,
  `ProductID` int(10) NOT NULL,
  `ProductName` varchar(30) CHARACTER SET utf8 NOT NULL,
  `Description` varchar(100) CHARACTER SET utf8 NOT NULL,
  `Unit` varchar(15) CHARACTER SET utf8 NOT NULL,
  `Price` float NOT NULL,
  `Qty` float NOT NULL
) ENGINE=InnoDB DEFAULT CHARSET=latin1;

--
-- Dumping data for table `order_template`
--

INSERT INTO `order_template` (`CompanyName`, `ProductID`, `ProductName`, `Description`, `Unit`, `Price`, `Qty`) VALUES
('1/125 Metang', 26, '1BTS', 'Beef Topside 1', 'kg', 8, 1),
('1/125 Metang', 31, '1BTB', 'Beef T/bone 1', 'kg', 12, 3),
('1/125 Metang', 30, '1BDiced', 'Beef Diced 1', 'kg', 6.5, 2),
('1/125 Metang', 98, '1B/M', 'Beef Mince 1', 'kg', 4.5, 1);

-- --------------------------------------------------------

--
-- Table structure for table `payment`
--

CREATE TABLE IF NOT EXISTS `payment` (
  `InvoiceID` int(10) NOT NULL AUTO_INCREMENT,
  `Date` datetime NOT NULL,
  `OrderID` int(10) NOT NULL,
  `CompanyName` varchar(50) CHARACTER SET utf8 NOT NULL,
  `Debit` float(8,2) NOT NULL DEFAULT '0.00',
  `Credit` float(8,2) NOT NULL DEFAULT '0.00',
  `Status` varchar(10) CHARACTER SET utf8 NOT NULL,
  `PayMethod` varchar(10) CHARACTER SET utf8 NOT NULL,
  PRIMARY KEY (`InvoiceID`),
  UNIQUE KEY `InvouiceID` (`InvoiceID`)
) ENGINE=MyISAM  DEFAULT CHARSET=latin1 AUTO_INCREMENT=418 ;

--
-- Dumping data for table `payment`
--

INSERT INTO `payment` (`InvoiceID`, `Date`, `OrderID`, `CompanyName`, `Debit`, `Credit`, `Status`, `PayMethod`) VALUES
(92, '2011-07-07 14:28:45', 119, 'Test', 77.20, 0.00, 'Unpaid', ''),
(399, '2012-02-10 16:12:38', 123, ' 6/60', 16.50, 0.00, 'Unpaid', ''),
(94, '2011-07-07 15:54:53', 121, 'c. m', 16.00, 0.00, 'Unpaid', ''),
(95, '2011-07-07 16:08:19', 122, '17', 17006.50, 0.00, 'Unpaid', ''),
(96, '2011-07-07 16:43:37', 123, '13', 0.00, 0.00, 'Unpaid', ''),
(97, '2011-07-07 16:47:37', 124, 'wwwww', 70.50, 0.00, 'Unpaid', ''),
(98, '2011-07-07 16:55:12', 125, '1354', 46.80, 0.00, 'Unpaid', ''),
(409, '2012-02-16 12:21:22', 133, ' 6/60', 3261.50, 0.00, 'Unpaid', ''),
(410, '2012-02-16 12:26:23', 134, ' 6/60', 3269.50, 0.00, 'Unpaid', ''),
(411, '2012-02-16 12:28:41', 135, '208', 41.00, 0.00, 'Unpaid', ''),
(103, '2011-07-08 15:07:43', 130, '105', 65.00, 0.00, 'Unpaid', ''),
(104, '2011-07-08 15:09:32', 131, '15ta', 53.00, 0.00, 'Unpaid', ''),
(105, '2011-07-08 15:09:54', 132, '36 (3)', 0.00, 0.00, 'Unpaid', ''),
(106, '2011-07-08 16:11:41', 133, '1354', 67.50, 0.00, 'Unpaid', ''),
(107, '2011-07-08 16:13:30', 134, 'lKuk', 3269.50, 0.00, 'Unpaid', ''),
(108, '2011-07-08 16:16:32', 135, '1/43 Blaxland', 0.00, 0.00, 'Unpaid', ''),
(109, '2011-07-11 17:14:49', 136, 'Baan Bua', 42.00, 0.00, 'Unpaid', ''),
(110, '2011-07-11 17:15:36', 137, '105', 53.00, 0.00, 'Unpaid', ''),
(111, '2011-07-11 17:16:08', 138, '1/43 Blaxland', 62.00, 0.00, 'Unpaid', ''),
(112, '2011-07-11 17:20:41', 139, 'os76', 62.40, 0.00, 'Unpaid', ''),
(113, '2011-07-11 17:21:21', 140, '10', 31.60, 0.00, 'Unpaid', ''),
(114, '2011-07-11 17:23:07', 141, '19', 52.00, 0.00, 'Unpaid', ''),
(116, '2011-07-11 17:49:00', 143, '15', 30.00, 0.00, 'Unpaid', ''),
(117, '2011-07-12 12:30:50', 144, 'Style Dish', 62.00, 0.00, 'Unpaid', ''),
(118, '2011-07-12 12:32:11', 145, ' ', 126.00, 0.00, 'Unpaid', ''),
(119, '2011-07-12 12:52:09', 146, '193', 70.00, 0.00, 'Unpaid', ''),
(120, '2011-07-12 12:53:20', 147, '15', 196.50, 0.00, 'Unpaid', ''),
(121, '2011-07-12 12:55:41', 148, '1431', 70.00, 0.00, 'Unpaid', ''),
(122, '2011-07-12 13:01:20', 149, '135', 203.00, 0.00, 'Unpaid', ''),
(123, '2011-07-12 13:02:44', 150, '337', 62.00, 0.00, 'Unpaid', ''),
(124, '2011-07-12 13:04:00', 151, '43', 39.00, 0.00, 'Unpaid', ''),
(125, '2011-07-12 13:05:05', 152, 'Coconut ', 56.00, 0.00, 'Unpaid', ''),
(126, '2011-07-12 13:05:42', 153, 'D''lish', 56.00, 0.00, 'Unpaid', ''),
(129, '2011-07-12 13:13:02', 156, 'D lish', 216.00, 0.00, 'Unpaid', ''),
(130, '2011-07-12 13:17:39', 157, 'Kuk', 282.00, 0.00, 'Unpaid', ''),
(131, '2011-07-12 13:19:00', 158, '3/107', 72.50, 0.00, 'Unpaid', ''),
(132, '2011-07-12 13:20:10', 159, '60-62', 156.00, 0.00, 'Unpaid', ''),
(133, '2011-07-12 13:21:08', 160, '395C', 183.50, 0.00, 'Unpaid', ''),
(134, '2011-07-12 13:24:41', 161, 'Baan Bua', 195.00, 0.00, 'Unpaid', ''),
(135, '2011-07-12 13:27:30', 162, 'Noodle Bar', 144.00, 0.00, 'Unpaid', ''),
(136, '2011-07-12 13:28:28', 163, '1425', 52.00, 0.00, 'Unpaid', ''),
(137, '2011-07-12 13:30:52', 164, '10', 79.00, 0.00, 'Unpaid', ''),
(138, '2011-07-12 13:34:04', 165, 'DEPIRA FOOD DISTRIBUTORS (DFD)xxx', 142.50, 0.00, 'Unpaid', ''),
(139, '2011-07-12 13:37:59', 166, '1354', 64.00, 0.00, 'Unpaid', ''),
(140, '2011-07-12 13:39:56', 167, '1115', 235.50, 0.00, 'Unpaid', ''),
(141, '2011-07-12 14:06:52', 168, '146 ', 168.00, 0.00, 'Unpaid', ''),
(142, '2011-07-12 14:08:04', 169, '3/54 To go', 553.00, 0.00, 'Unpaid', ''),
(143, '2011-07-12 14:08:55', 170, '249', 80.50, 0.00, 'Unpaid', ''),
(144, '2011-07-12 14:10:36', 171, '1/43 Blaxland', 56.00, 0.00, 'Unpaid', ''),
(145, '2011-07-12 14:11:36', 172, '210 Kish&Kish', 56.00, 0.00, 'Unpaid', ''),
(146, '2011-07-12 14:12:23', 173, '574', 72.50, 0.00, 'Unpaid', ''),
(147, '2011-07-12 14:15:10', 174, '541 Kallin Lime', 72.50, 0.00, 'Unpaid', ''),
(148, '2011-07-12 14:16:58', 175, '1/3', 53.00, 0.00, 'Unpaid', ''),
(149, '2011-07-12 14:17:52', 176, '105', 83.70, 0.00, 'Unpaid', ''),
(150, '2011-07-12 14:19:18', 177, '36 (5)', 155.00, 0.00, 'Unpaid', ''),
(151, '2011-07-12 14:23:42', 178, '212', 90.00, 0.00, 'Unpaid', ''),
(152, '2011-07-12 14:23:42', 179, 'China Doll Accessoories', 90.00, 0.00, 'Unpaid', ''),
(153, '2011-07-12 14:23:42', 180, 'Thai Riffic Center Point', 181.00, 0.00, 'Unpaid', ''),
(154, '2011-07-12 14:27:10', 181, '@Home ', 145.00, 0.00, 'Unpaid', ''),
(155, '2011-07-12 14:28:06', 182, '29', 91.00, 0.00, 'Unpaid', ''),
(156, '2011-07-12 14:28:06', 183, 'ET''S Family', 91.00, 0.00, 'Unpaid', ''),
(157, '2011-07-12 14:28:06', 184, 'New Shanghai 1', 151.00, 0.00, 'Unpaid', ''),
(158, '2011-07-12 14:28:06', 185, 'Tong', 387.00, 0.00, 'Unpaid', ''),
(159, '2011-07-12 14:28:06', 186, 'wwwww', 91.00, 0.00, 'Unpaid', ''),
(160, '2011-07-12 14:42:43', 187, 'New Shanghai', 60.00, 0.00, 'Unpaid', ''),
(161, '2011-07-12 14:42:43', 188, 'New Shanghai 2', 60.00, 0.00, 'Unpaid', ''),
(162, '2011-07-12 14:42:43', 189, 'Thai Riffic Noodle Bar 1', 60.00, 0.00, 'Unpaid', ''),
(163, '2011-07-12 15:30:59', 190, 'tttttttttttt', 92.50, 0.00, 'Unpaid', ''),
(386, '2011-07-21 11:48:12', 110, '2-135 Wok Station', 170.40, 0.00, 'Unpaid', ''),
(379, '2011-07-21 09:42:56', 103, 'Thai Riffic Center Point', 468.05, 0.00, 'Unpaid', ''),
(372, '2011-07-21 09:18:03', 96, 'Yummi', 164.00, 0.00, 'Unpaid', ''),
(373, '2011-07-21 09:18:03', 97, '15 ', 178.55, 0.00, 'Unpaid', ''),
(383, '2011-07-21 11:30:09', 107, 'Satang', 174.50, 0.00, 'Unpaid', ''),
(381, '2011-07-21 11:22:49', 105, '324', 223.00, 0.00, 'Unpaid', ''),
(376, '2011-07-21 09:33:05', 100, 'Noodlebar', 283.80, 0.00, 'Unpaid', ''),
(377, '2011-07-21 09:33:05', 101, 'Platform Thai', 321.24, 0.00, 'Unpaid', ''),
(378, '2011-07-21 09:33:05', 102, '382', 155.20, 0.00, 'Unpaid', ''),
(364, '2011-07-20 14:53:17', 88, 'm. m', 133.90, 0.00, 'Unpaid', ''),
(365, '2011-07-20 14:55:20', 89, '166-174', 227.05, 0.00, 'Unpaid', ''),
(366, '2011-07-20 14:55:20', 90, 'Jay', 322.90, 0.00, 'Unpaid', ''),
(361, '2011-07-20 14:32:16', 85, 'Somnuk', 209.75, 0.00, 'Unpaid', ''),
(362, '2011-07-20 14:36:22', 86, '17 Angle', 439.96, 0.00, 'Unpaid', ''),
(363, '2011-07-20 14:36:22', 87, '1354', 824.50, 0.00, 'Unpaid', ''),
(360, '2011-07-20 14:32:16', 84, 'Newport Bhaji ', 375.00, 0.00, 'Unpaid', ''),
(356, '2011-07-20 14:18:08', 80, '1115', 259.00, 0.00, 'Unpaid', ''),
(357, '2011-07-20 14:21:38', 81, '1425', 1205.15, 0.00, 'Unpaid', ''),
(358, '2011-07-20 14:27:51', 82, '3/107', 374.00, 0.00, 'Unpaid', ''),
(359, '2011-07-20 14:32:16', 83, '1431', 252.00, 0.00, 'Unpaid', ''),
(353, '2011-07-20 13:36:28', 77, '5 Noodle Bar', 255.40, 0.00, 'Unpaid', ''),
(354, '2011-07-20 13:36:28', 78, 'no.1', 22.50, 0.00, 'Unpaid', ''),
(355, '2011-07-20 13:50:54', 79, 'Intra Thai', 664.65, 0.00, 'Unpaid', ''),
(352, '2011-07-20 13:36:28', 76, 'Kuk', 42.50, 0.00, 'Unpaid', ''),
(349, '2011-07-20 12:52:04', 73, 'Power 2', 949.64, 0.00, 'Unpaid', ''),
(350, '2011-07-20 12:52:04', 74, '78', 229.80, 0.00, 'Unpaid', ''),
(351, '2011-07-20 13:33:53', 75, '2/157', 160.80, 0.00, 'Unpaid', ''),
(345, '2011-07-20 11:56:00', 69, '27 Home ', 187.74, 0.00, 'Unpaid', ''),
(346, '2011-07-20 12:41:32', 70, '60-62', 241.90, 0.00, 'Unpaid', ''),
(347, '2011-07-20 12:41:32', 71, '337', 437.40, 0.00, 'Unpaid', ''),
(348, '2011-07-20 12:41:32', 72, '324', 575.00, 0.00, 'Unpaid', ''),
(343, '2011-07-20 11:54:34', 67, 'Satang Thai', 120.00, 0.00, 'Unpaid', ''),
(344, '2011-07-20 11:55:34', 68, 'Papaya', 160.00, 0.00, 'Unpaid', ''),
(341, '2011-07-20 11:46:55', 65, '135', 221.20, 0.00, 'Unpaid', ''),
(342, '2011-07-20 11:50:10', 66, 'Satang', 328.00, 0.00, 'Unpaid', ''),
(337, '2011-07-20 10:02:02', 61, '299', 836.20, 0.00, 'Unpaid', ''),
(338, '2011-07-20 10:10:40', 62, ' 6/60', 438.50, 0.00, 'Unpaid', ''),
(339, '2011-07-20 11:38:13', 63, 'Thai On Work', 551.40, 0.00, 'Unpaid', ''),
(340, '2011-07-20 11:44:36', 64, '249', 306.80, 0.00, 'Unpaid', ''),
(336, '2011-07-20 10:00:02', 60, 'Thai Riffic Center Point', 424.81, 0.00, 'Unpaid', ''),
(334, '2011-07-20 09:41:46', 58, '1/125', 401.00, 0.00, 'Unpaid', ''),
(335, '2011-07-20 09:48:35', 59, '574', 465.00, 0.00, 'Unpaid', ''),
(333, '2011-07-20 08:49:24', 57, 'Shin Sei Ki', 965.65, 0.00, 'Unpaid', ''),
(229, '2011-07-12 15:59:20', 57, 'D''lish', 965.65, 0.00, 'Unpaid', ''),
(230, '2011-07-12 15:59:20', 58, 'ET''S Family', 401.00, 0.00, 'Unpaid', ''),
(231, '2011-07-12 15:59:20', 59, 'Home', 58.00, 0.00, 'Unpaid', ''),
(232, '2011-07-12 15:59:20', 60, 'I Thai 1', 58.00, 0.00, 'Unpaid', ''),
(233, '2011-07-12 15:59:20', 61, 'Intra ', 58.00, 0.00, 'Unpaid', ''),
(234, '2011-07-12 15:59:20', 62, 'Intra Thai', 58.00, 0.00, 'Unpaid', ''),
(235, '2011-07-12 15:59:20', 63, 'Ivory', 58.00, 0.00, 'Unpaid', ''),
(236, '2011-07-12 15:59:20', 64, 'Jay', 58.00, 0.00, 'Unpaid', ''),
(237, '2011-07-12 15:59:20', 65, 'Jolly 158', 58.00, 0.00, 'Unpaid', ''),
(238, '2011-07-12 15:59:20', 66, 'Kuk', 58.00, 0.00, 'Unpaid', ''),
(239, '2011-07-12 15:59:20', 67, 'Lasha Baba', 58.00, 0.00, 'Unpaid', ''),
(240, '2011-07-12 15:59:20', 68, 'Little Thai', 58.00, 0.00, 'Unpaid', ''),
(241, '2011-07-12 15:59:20', 69, 'm. m', 187.74, 0.00, 'Unpaid', ''),
(242, '2011-07-12 15:59:20', 70, 'Manjit''s', 58.00, 0.00, 'Unpaid', ''),
(243, '2011-07-12 15:59:20', 71, 'mon', 437.40, 0.00, 'Unpaid', ''),
(244, '2011-07-12 15:59:20', 72, 'New Shanghai', 575.00, 0.00, 'Unpaid', ''),
(245, '2011-07-12 15:59:20', 73, 'New Shanghai 1', 949.64, 0.00, 'Unpaid', ''),
(246, '2011-07-12 15:59:20', 74, 'New Shanghai 2', 58.00, 0.00, 'Unpaid', ''),
(247, '2011-07-12 15:59:20', 75, 'New Shanghai 3', 58.00, 0.00, 'Unpaid', ''),
(248, '2011-07-12 15:59:20', 76, 'Newport Bhaji ', 58.00, 0.00, 'Unpaid', ''),
(249, '2011-07-12 15:59:20', 77, 'Nina', 255.40, 0.00, 'Unpaid', ''),
(250, '2011-07-12 15:59:20', 78, 'no.1', 145.00, 0.00, 'Unpaid', ''),
(251, '2011-07-12 15:59:20', 79, 'Noodle Bar', 664.65, 0.00, 'Unpaid', ''),
(252, '2011-07-12 15:59:20', 80, 'Pad Thai Chicken', 259.00, 0.00, 'Unpaid', ''),
(253, '2011-07-12 15:59:20', 81, 'Papaya', 1205.15, 0.00, 'Unpaid', ''),
(254, '2011-07-12 15:59:20', 82, 'Platform Thai', 203.00, 0.00, 'Unpaid', ''),
(255, '2011-07-12 17:01:23', 83, 'Power 2', 87.00, 0.00, 'Unpaid', ''),
(256, '2011-07-12 17:01:23', 84, 'Qian Cao', 87.00, 0.00, 'Unpaid', ''),
(257, '2011-07-12 17:01:23', 85, 'Rice Chilli', 87.00, 0.00, 'Unpaid', ''),
(258, '2011-07-12 17:01:23', 86, 'Satang', 87.00, 0.00, 'Unpaid', ''),
(259, '2011-07-12 17:01:23', 87, 'Satang Thai', 87.00, 0.00, 'Unpaid', ''),
(260, '2011-07-12 17:01:23', 88, 'Seaforth', 87.00, 0.00, 'Unpaid', ''),
(261, '2011-07-12 17:01:23', 89, 'seat', 87.00, 0.00, 'Unpaid', ''),
(262, '2011-07-12 17:01:23', 90, 'siam', 322.90, 0.00, 'Unpaid', ''),
(369, '2011-07-21 08:41:53', 93, 'Buthcer Shop', 90.00, 0.00, 'Unpaid', ''),
(264, '2011-07-12 17:01:23', 92, 'Singha', 115.40, 0.00, 'Unpaid', ''),
(265, '2011-07-12 17:01:23', 93, 'So', 174.00, 0.00, 'Unpaid', ''),
(371, '2011-07-21 09:14:19', 95, 'Ryde', 277.54, 0.00, 'Unpaid', ''),
(267, '2011-07-12 17:01:23', 95, 'star', 277.54, 0.00, 'Unpaid', ''),
(268, '2011-07-12 17:01:23', 96, 'Sticky Rice ', 87.00, 0.00, 'Unpaid', ''),
(269, '2011-07-12 17:01:23', 97, 'Sticky Rice Edgworth', 178.55, 0.00, 'Unpaid', ''),
(382, '2011-07-21 11:22:49', 106, '249', 429.16, 0.00, 'Unpaid', ''),
(380, '2011-07-21 11:22:49', 104, '337', 96.00, 0.00, 'Unpaid', ''),
(272, '2011-07-12 17:01:23', 100, 'tttttttttttt', 87.00, 0.00, 'Unpaid', ''),
(273, '2011-07-12 17:01:23', 101, 'Tong', 87.00, 0.00, 'Unpaid', ''),
(274, '2011-07-12 17:01:23', 102, 'The Grain Thai ', 174.00, 0.00, 'Unpaid', ''),
(275, '2011-07-12 17:01:23', 103, 'Thai Thai', 113.00, 0.00, 'Unpaid', ''),
(276, '2011-07-12 17:05:01', 104, 'Thai Riffic Noodle Bar 1', 96.00, 0.00, 'Unpaid', ''),
(387, '2011-07-21 12:07:52', 111, 'Satang Thai', 120.00, 0.00, 'Unpaid', ''),
(384, '2011-07-21 11:35:21', 108, 'Power 2', 429.86, 0.00, 'Unpaid', ''),
(385, '2011-07-21 11:35:21', 109, 'Thai On Work', 483.50, 0.00, 'Unpaid', ''),
(368, '2011-07-21 08:16:16', 92, 'Shin Sei Ki', 115.40, 0.00, 'Unpaid', ''),
(388, '2011-07-21 12:11:31', 112, '27 Home ', 120.00, 0.00, 'Unpaid', ''),
(389, '2011-07-21 12:11:31', 113, 'Papaya', 240.00, 0.00, 'Unpaid', ''),
(390, '2011-07-21 12:16:24', 114, '60-62', 120.00, 0.00, 'Unpaid', ''),
(391, '2011-07-21 12:22:16', 115, '78', 165.00, 0.00, 'Unpaid', ''),
(392, '2012-01-18 10:14:58', 116, ' 6/60', 98.50, 0.00, 'Unpaid', ''),
(394, '2012-01-17 17:50:22', 118, '253', 112.50, 0.00, 'Unpaid', ''),
(395, '2012-01-25 14:36:11', 119, '253', 8.00, 0.00, 'Unpaid', ''),
(398, '2012-02-10 16:04:47', 122, '253', 17006.50, 0.00, 'Unpaid', ''),
(397, '2012-01-25 14:41:34', 121, ' 6/60', 16.00, 0.00, 'Unpaid', ''),
(400, '2012-02-10 16:19:45', 124, '1/1 Cielo', 16.50, 0.00, 'Unpaid', ''),
(401, '2012-02-11 10:58:32', 125, '1/125 Metang', 51.00, 0.00, 'Unpaid', ''),
(406, '2012-02-12 10:41:03', 130, '1/3', 44.00, 0.00, 'Unpaid', ''),
(407, '2012-02-12 10:43:05', 131, '121 Seeda', 8.50, 0.00, 'Unpaid', ''),
(408, '2012-02-16 12:19:02', 132, ' 6/60', 3269.50, 0.00, 'Unpaid', ''),
(412, '2012-02-16 12:29:22', 136, '76', 16.50, 0.00, 'Unpaid', ''),
(413, '2012-02-18 11:31:47', 137, ' 6/60', 3277.50, 0.00, 'Unpaid', ''),
(414, '2012-02-18 14:03:51', 138, ' 6/60', 3285.50, 0.00, 'Unpaid', ''),
(415, '2012-02-25 13:51:03', 139, ' 6/60', 3285.50, 0.00, 'Unpaid', ''),
(416, '2013-01-03 10:38:54', 140, '1/43 Blaxland', 31.60, 0.00, 'Unpaid', ''),
(417, '2013-01-06 10:15:26', 141, '1/43 Blaxland', 52.00, 0.00, 'Unpaid', '');

-- --------------------------------------------------------

--
-- Table structure for table `product`
--

CREATE TABLE IF NOT EXISTS `product` (
  `ProductID` int(6) NOT NULL AUTO_INCREMENT,
  `ProductName` varchar(10) CHARACTER SET utf8 NOT NULL,
  `Description` varchar(35) CHARACTER SET utf8 NOT NULL,
  `Stock` float NOT NULL DEFAULT '0',
  `Unit` varchar(10) CHARACTER SET utf8 NOT NULL,
  `Price` float NOT NULL DEFAULT '0',
  `Category` varchar(11) CHARACTER SET utf8 NOT NULL,
  `Department` varchar(50) CHARACTER SET utf8 NOT NULL,
  `Location` varchar(50) CHARACTER SET utf8 NOT NULL,
  PRIMARY KEY (`ProductID`)
) ENGINE=MyISAM  DEFAULT CHARSET=latin1 AUTO_INCREMENT=152 ;

--
-- Dumping data for table `product`
--

INSERT INTO `product` (`ProductID`, `ProductName`, `Description`, `Stock`, `Unit`, `Price`, `Category`, `Department`, `Location`) VALUES
(5, 'PS', 'Pork Slice', 66, 'KG', 8.5, 'Pork', '', ''),
(26, '1BTS', 'Beef Topside 1', 0, 'kg', 8, 'Beef', '', ''),
(27, 'K', 'Knuckle', 0, 'kg', 6.5, 'Beef', '', ''),
(28, 'R1', 'Beef Rump 1', 0, 'kg', 7.5, 'Beef', '', ''),
(29, 'CH', 'Chunk Roll', 0, 'kg', 6.5, 'Beef', '', ''),
(30, '1BDiced', 'Beef Diced 1', 0, 'kg', 6.5, 'Beef', '', ''),
(31, '1BTB', 'Beef T/bone 1', 0, 'kg', 12, 'Beef', '', ''),
(32, 'BCM', 'Beef c muscle', 0, 'kg', 8.2, 'Beef', '', ''),
(33, 'BCR', 'Beef Cube Roll', 0, 'kg', 13, 'Beef', '', ''),
(34, 'BW', 'Wagyu', 0, 'kg', 0, 'Others', '', ''),
(35, '1LF', 'Lamb Fillet 1', 0, 'kg', 15.5, 'Lamb', '', ''),
(36, 'Cut', 'Lamb Cutlets', 0, 'kg', 21, 'Lamb', '', ''),
(37, 'Ldiced', 'lamb Diced', 0, 'kg', 12.4, 'Lamb', '', ''),
(38, 'LS', 'Lamb Shank', 0, 'kg', 7.5, 'Lamb', '', ''),
(39, 'Pork', 'Pork', 0, 'kg', 8.5, 'Pork', '', ''),
(40, 'Loin', 'Chicken Tenderlion', 0, 'kg', 8, 'Chicken', '', ''),
(41, '1PR', 'Pork Ribs 1', 0, 'kg', 9, 'Pork', '', ''),
(42, '1PC', 'Pork Chops 1', 0, 'kg', 7.5, 'Pork', '', ''),
(43, 'PF1', 'Pork Fillet 1', 0, 'kg', 11, 'Pork', '', ''),
(44, 'PH2', 'Hock', 0, 'kg', 5, 'Pork', '', ''),
(45, '1PSB', 'Pork Soft Bone 1', 0, 'kg', 6.5, 'Pork', '', ''),
(46, 'PFAT', 'Pork Fat', 0, 'kg', 1, 'Pork', '', ''),
(48, 'QU', 'Quail', 0, 'kg', 14.2, 'Others', '', ''),
(49, 'JE', 'Jelly', 0, 'kg', 3.5, 'Others', '', ''),
(50, 'D15', 'Duck 15#', 0, 'kg', 0, 'Duck', '', ''),
(51, 'D16', 'Duck 16#', 0, 'kg', 0, 'Duck', '', ''),
(52, 'D18', 'Duck 18#', 0, 'kg', 0, 'Duck', '', ''),
(53, 'DB', 'Duck Bone', 0, 'kg', 0, 'Duck', '', ''),
(54, 'DS', 'Duck Skin', 0, 'kg', 0, 'Duck', '', ''),
(55, 'on B/F', 'Breast Fillet on', 0, 'kg', 7.8, 'Chicken', '', ''),
(58, 'CDS', 'Chicken Drumstick', 0, 'kg', 3, 'Chicken', '', ''),
(59, 'CF', 'Chicken Fillet', 0, 'kg', 7.8, 'Chicken', '', ''),
(149, 'R4', 'Beef rump 4', 100000000000, 'kg', 7.8, 'Beef', '', ''),
(61, '1MF on', 'Maryland on 1', 0, 'kg', 4.8, 'Chicken', '', ''),
(62, 'W', 'Chicken Wings', 0, 'kg', 2, 'Chicken', '', ''),
(63, 'CWD', 'Wing Drummetts', 0, 'kg', 3, 'Chicken', '', ''),
(64, 'CWM', 'Wing Middle', 0, 'kg', 3, 'Chicken', '', ''),
(65, 'C13', 'Chicken 13', 0, 'kg', 7, 'Chicken', '', ''),
(66, 'C12', 'Chicken 12', 0, 'kg', 7, 'Chicken', '', ''),
(67, 'C11', 'Chicken 11', 0, 'kg', 6, 'Chicken', '', ''),
(68, 'C28', 'Chicken 28', 0, 'kg', 12.4, 'Chicken', '', ''),
(69, 'PIGS CHIZT', 'Pigs Intestines', 0, 'kg', 0, 'Stock', '', ''),
(70, 'PIGS MAWS', 'PIGS Maws', 16, 'kg', 0, 'Stock', '', ''),
(71, 'BEEF BIBKE', 'Beef Bibke', 0, 'kg', 0, 'Stock', '', ''),
(72, 'BEEF TENDO', 'BEEF TENDO', 0, 'kg', 0, 'Stock', '', ''),
(73, 'GOAT', 'Goat', 0, 'kg', 0, 'Stock', '', ''),
(74, 'FULL BREAS', 'Full Breast', 0, 'kg', 0, 'Stock', '', ''),
(75, 'BEEF BODY', 'Beef Body', 0, 'kg', 0, 'Stock', '', ''),
(76, 'LAMB SQUAR', 'Lamb Square', 0, 'kg', 0, 'Stock', '', ''),
(77, 'LAMB LEG ', 'Lamb Leg', 0, 'kg', 0, 'Stock', '', ''),
(78, 'PORK FILLE', 'Pork Fillet', 0, 'kg', 0, 'Stock', '', ''),
(79, 'BOILER DUC', 'Boiler Duck', 0, 'kg', 0, 'Stock', '', ''),
(80, 'SPATCHCOCK', 'Spatchcock', 0, 'kg', 0, 'Stock', '', ''),
(81, 'SILKY CHIC', 'Silky Chicken', 0, 'kg', 0, 'Stock', '', ''),
(82, 'FZN DUCK', 'FZN DUCK', 0, 'kg', 0, 'Stock', '', ''),
(83, 'GIBLETS', 'Duck Giblets', 0, 'kg', 0, 'Stock', '', ''),
(84, 'PIROVIC EG', 'PIROVIC EG', 0, 'kg', 0, 'Stock', '', ''),
(85, 'YG GF TOSC', 'YG GF TOSC', 0, 'kg', 0, 'Stock', '', ''),
(86, 'CHUCKRON', 'CHUCKRON', 0, 'kg', 0, 'Stock', '', ''),
(87, 'KNK', 'KNK', 0, 'kg', 0, 'Stock', '', ''),
(88, 'PR RHP', 'PR RHP', 0, 'kg', 0, 'Stock', '', ''),
(89, 'ANGUS INSI', 'ANGUS INSI', 0, 'kg', 0, 'Stock', '', ''),
(90, 'CHILLED BE', 'CHILLED BE', 0, 'kg', 0, 'Stock', '', ''),
(91, 'CHILLED VE', 'CHILLED VE', 0, 'kg', 0, 'Stock', '', ''),
(92, 'FRESH CEAL', 'FRESH CEAL', 0, 'kg', 0, 'Stock', '', ''),
(95, 'CBone', 'Chicken Bone', 66, 'Tubs', 0, 'Chicken', '', ''),
(96, '1C/M', 'Chicken Mince', 0, 'kg', 5.6, 'Chicken', '', ''),
(97, 'T', 'Chicken Thigh', 0, 'kg', 6.8, 'Chicken', '', ''),
(98, '1B/M', 'Beef Mince 1', 0, 'kg', 4.5, 'Beef', '', ''),
(99, '1P/M', 'Pork Mince 1', 0, 'kg', 5.5, 'Pork', '', ''),
(100, 'R2', 'Beef Rump 2', 999, 'kg', 7.9, 'Beef', '', ''),
(101, '2B/M', 'Beef Mince  2', 999, 'kg', 4.7, 'Beef', '', ''),
(102, '3B/M', 'Beef Mince  3', 999, 'kg', 5, 'Beef', '', ''),
(103, '2BTS', 'Beef Topside 2', 999, 'kg', 8.3, 'Beef', '', ''),
(104, '2BDiced', 'Beef Diced 2', 999, 'kg', 6.7, 'Beef', '', ''),
(105, '2BTB', 'Beef T/Bone 2', 999, 'kg', 14, 'Beef', '', ''),
(106, '1ML', 'Chicken Maryland 2', 999, 'kg', 3.4, 'Chicken', '', ''),
(107, '2MF on', 'Chicken Maryland on 2', 999, 'kg', 5.5, 'Chicken', '', ''),
(108, '1CMF off ', 'Chicken Maryland off 1', 999, 'kg', 5.5, 'Chicken', '', ''),
(109, '2CMF off ', 'Chicken Maryland off 2', 999, 'kg', 6.5, 'Chicken', '', ''),
(110, 'LS2', 'Lamb Shank 2', 999, 'kg', 8, 'Lamb', '', ''),
(111, '2L/F', 'Lamb Fillet 2', 999, 'kg', 16.5, 'Lamb', '', ''),
(112, '2C/M ', 'Chicken Mince 2', 999, 'kg', 6.2, 'Chicken', '', ''),
(120, '1PL', 'Pork Loin 1', 999, 'kg', 8.5, 'Pork', '', ''),
(113, 'Beef', 'Beef Slice', 999, 'kg', 8.3, 'Beef', '', ''),
(114, '2PSB', 'Pork Soft None 2', 999, 'kg', 6.7, 'Pork', '', ''),
(115, 'PF2', 'Pork Fillet 2', 999, 'kg', 11.5, 'Pork', '', ''),
(116, '2PC', 'Pork Chops 2', 999, 'kg', 7.8, 'Pork', '', ''),
(117, 'PH2', 'Pork Hock', 999, 'kg', 6, 'Pork', '', ''),
(118, '2P/M', 'Pork Mince 2', 999, 'kg', 6, 'Pork', '', ''),
(119, 'Belly', 'Pork Belly', 999, 'kg', 8, 'Pork', '', ''),
(121, '2PL', 'Pork Loin 2', 999, 'kg', 9, 'Pork', '', ''),
(122, 'CSB', 'Chicken Soft Bone', 999, 'kg', 5, 'Chicken', '', ''),
(123, 'CFeet', 'Chicken Feet', 999, 'kg', 1.5, 'Chicken', '', ''),
(124, '2CFeet', 'Chicken Feet 2', 999, 'kg', 1.8, 'Chicken', '', ''),
(125, '3CMon', 'Chicken Maryland on 3', 999, 'kg', 5, 'Chicken', '', ''),
(126, 'offCTF', 'Chicken Thigh Fillet off', 999, 'kg', 7, 'Chicken', '', ''),
(127, 'on CTF', 'Chicken Thigh Fillet on', 999, 'kg', 6.2, 'Chicken', '', ''),
(128, 'offB/F', 'Chicken Breast Fillet off', 999, 'kg', 8, 'Chicken', '', ''),
(129, 'PBS', 'Pork Belly Slice', 999, 'kg', 8.5, 'Pork', '', ''),
(130, 'CS', 'Spatchcock', 9999, 'each', 4.6, 'Chicken', '', ''),
(131, '1PN', 'Pork Neck', 999, 'kg', 8, 'Pork', '', ''),
(132, '2PN', 'Pork Neck 2', 999, 'kg', 8.5, 'Pork', '', ''),
(133, 'C24', 'Chicken 24', 999, 'each', 9.3, 'Chicken', '', ''),
(137, '2PR', 'Pork Ribs 2', 9999, 'kg', 10, 'Pork', '', ''),
(136, 'PAR', 'American Ribs', 999, 'kg', 12, 'Pork', '', ''),
(138, 'V', 'Veal', 999, 'kg', 11.5, 'Beef', '', ''),
(139, 'BS', 'Scotch Fillet', 999, 'kg', 16, 'Beef', '', ''),
(140, 'SC', 'Steamer Chicken box', 999, 'box', 31.5, 'Chicken', '', ''),
(141, 'SC each', 'Steamer Chicken ', 999, 'each', 2.8, 'Chicken', '', ''),
(142, '2CF', 'Chicken Fillet 2', 99999, 'kg', 6, 'Chicken', '', ''),
(143, 'R3', 'Beef rump 3', 99999, 'kg', 8.2, 'Beef', '', ''),
(144, 'Lamb', 'Lamb', 999999, 'kg', 12.4, 'Lamb', '', ''),
(145, 'LF3', 'Lamb Fillet 3', 10000000, 'kg', 19.5, 'Lamb', '', ''),
(146, '4CML', 'Chicken Maryland off 4', 10000000, 'kg', 6.3, 'Chicken', '', ''),
(147, '2CW', 'Chicken Wing 2', 10000000, 'kg', 1.5, 'Chicken', '', ''),
(148, '2ML', 'Chicken Maryland 2', 999999, 'kg', 3.4, 'Chicken', '', ''),
(150, '3CF', 'Chicken Fillet 3', 10000000, 'kg', 5.6, 'Chicken', '', ''),
(151, '3CM', 'Chicken Mince 3', 99999, 'kg', 5.3, 'Chicken', '', '');

-- --------------------------------------------------------

--
-- Table structure for table `profit`
--

CREATE TABLE IF NOT EXISTS `profit` (
  `PaymentId` int(10) NOT NULL AUTO_INCREMENT,
  `Date` datetime NOT NULL,
  `CompanyName` varchar(20) CHARACTER SET utf8 NOT NULL,
  `Credit` float(8,2) NOT NULL,
  `PayMethod` varchar(10) NOT NULL,
  PRIMARY KEY (`PaymentId`)
) ENGINE=MyISAM  DEFAULT CHARSET=latin1 AUTO_INCREMENT=17 ;

--
-- Dumping data for table `profit`
--

INSERT INTO `profit` (`PaymentId`, `Date`, `CompanyName`, `Credit`, `PayMethod`) VALUES
(1, '2011-04-27 14:03:32', '253', 44.00, '253'),
(2, '2011-04-28 15:12:46', '76', 200.00, 'Cheque'),
(3, '2011-06-20 14:32:45', '10', 23.00, 'Cash'),
(4, '2011-06-20 14:32:57', 'Retail', 23.00, 'Cash'),
(5, '2011-06-20 15:00:44', '253', 23.00, 'Cash'),
(6, '2011-06-20 15:13:46', '253', 22.00, 'Cheque'),
(7, '2011-06-21 16:17:22', '253', 200.00, 'Cash'),
(8, '2011-06-23 12:11:41', '13', 3.00, 'Cash'),
(9, '2011-06-23 12:44:03', '13', 2.00, 'Cash'),
(10, '2012-01-17 10:25:04', ' 6/60', 50.00, 'Cash'),
(11, '2012-01-17 10:26:03', 'Retail', 888.00, 'Cash'),
(12, '2013-01-06 10:21:19', '105', 44.00, 'Cash'),
(13, '2013-01-06 10:21:53', 'Retail', 6000.00, 'Cash'),
(14, '2013-01-06 10:24:53', ' 6/60', 50.00, 'Cash'),
(15, '2013-01-06 15:49:17', ' 6/60', 43.00, 'Cash'),
(16, '2013-01-06 15:49:31', 'Retail', 66.00, 'Cash');
